rubius animado	SE ESTA ACERCANDO LA MADRE! | Clasicos Animados	118
filme rusesti 2016	Captain America: Civil War (2016) Trailer HD - (www.filmenoihd.eu)	146
photoshop tutorial for beginners	Photoshop cc tutorial for beginners - Chapter 01 - Part 01 Introduction	141
fallout 4 far harbor	Fallout 4 - Far Harbor Official Trailer	79
zombie nation	AVICII ZombieNation	171
xbox 360 vs xbox one	NBA 2K16 ‚Äì Xbox 360 vs. Xbox One Graphics Comparison [FullHD][60fps]	198
hotline bling karaoke	Drake - Hotline Bling - Piano Karaoke / Sing Along / Cover with Lyrics	198
one call away charlie puth	One Call Away - Charlie Puth & Sheryl Shazwanie (duet on Smule app)	189
jessie j flashlight remix	Jessie J - Flashlight (No Noun Remix)	188
fishing bloopers	Funny Fishing Bloopers 2016 Fail # 1	134
maluma y thalia	Maluma y Thalia se besan y se divierten grabando en New York	82
big bang bae bae	BIGBANG - BAE BAE M/V	174
high school musical	High School Musical - Start Of Something New HD!!	194
shia labeouf motivational speech	"Shia LaBeouf ""Just Do It"" Motivational Speech (Original Video)"	64
police siren sound effect	Police siren sound effect 1	132
snake eater	Metal Gear Solid 3 Snake Eater Soundtrack: Snake Eater	178
chandelier trent harmon	Trent Harmon - Chandelier	149
game of thrones season 5 recap	Game of Thrones Season 6: Episode #5 Recap (HBO)	138
mustang crash	Mustang Crashes leaving Cars and Coffee Chicago	53
drake hotline bling lyrics official	Drake Hotline bling	191
360 degree	HITMAN: A 360 Degree Visit to Marrakesh	100
halloween theme	Halloween Original Soundtrack (1978) - Halloween Theme (Main Title)	176
school bus	School Bus Kids Song by Patty Shukla	164
the voice 2015 blind auditions	"The Voice 2015 Blind Audition - Sydney Rhame: ""Photograph"""	191
summer time	Vybz Kartel - Summertime [Official Video]	168
pretty little liars bloopers	Pretty Little Liars - Who is Kissing Who?	191
rio roma mi persona favorita	R√≠o Roma - Mi Persona Favorita (Lyric Video)	190
marihuana cartel de santa	Doctor Marihuana Cartel de Santa Instrumental Rap 2014	190
tattoo prank	I GOT A TATTOO PRANK	155
rombai segunda intenciones	Rombai - Segundas Intenciones (Lyric Oficial)	165
voice kids 2016	"The Voice Kids Philippines 2016 Blind Auditions: Sharon, Bamboo, Lea sing ""Better World"""	96
679 fetty wap 1 hour	"Fetty wap ""679"" Lyrics"	194
hozier jackie and wilson	Hozier - Album Track by Track - Jackie And Wilson	93
the voice 2015 winner	"The Voice 2015 Blind Audition - Jordan Smith: ‚ÄúChandelier"""	170
curry half court shot	Stephen Curry Top 5 Half-Court Shots	120
zombie the cranberries	Britney - Zombie (The Voice Kids 2015: The Blind Auditions)	112
happy birthday to me	Happy Birthday To Me - Fulet ft. Fandy Chords and Lyrics by xAi	189
xbox one vs ps4	Xbox One vs. PS4: How to choose the right console for you	188
diy clothes	Transform a TSHIRT Into a SKIRT! | DIY Fall Clothes ‚ô• Alejandra's Styles	192
miss universe 2014	Miss Universe 2014 - Paulina Vega's Farewell	145
sam hunt leave the night on	Sam Hunt - Leave The Night On (lyrics)	186
paint it black ciara	Nightcore - Paint It, Black - Ciara	196
moto 360	Moto 360: It's Time	101
birds and the bees	The Birds and the Bees	73
zumba for beginners	Zumba Dance: Easy For Beginners	199
sugar maroon 5 lyrics	Maroon 5 - Maps (Lyric Video)	189
ariana grande focus lyrics	Ariana Grande - Focus [Lyrics Video]	153
mario and sonic at the rio 2016 olympic games	Mario & Sonic at the Rio 2016 Olympic Games - Heroes Showdown Trailer (Wii U)	76
desert rose	How to Grow Desert Rose	71
nba 2k16	DIAMOND/AMETHYST PAUL GEORGE LOCKER CODES! WTF IT'S LEET! NBA 2K16 PACK OPENING	175
lazer major light it up	Major Lazer - Light It Up (feat. Nyla & Fuse ODG) [Remix] (Official Lyric Video)	167
kylie jenner snapchat	KYLIE JENNER SNAPCHAT SHORT FILM (FULL) (ft. Kendall Jenner, Hailey Baldwin & Harry Hudson)	135
little pony play doh	Play Doh Rainbow Dash Stop Motion! Playdough Animaci√≥n de My Little Pony	71
arsenal vs watford 2016	Arsenal vs Watford 4-0 | 2016 (HD)	185
harry potter puppet pals	Potter Puppet Pals: The Mysterious Ticking Noise	127
shower becky g lyrics	Shower - Becky G (Angelic cover) 10 years old	155
the voice blind auditions	"The Voice 2015 Blind Audition - Jordan Smith: ‚ÄúChandelier"""	170
cake by the ocean remix	DNCE - Cake By The Ocean (California Vibes Remix)	164
sonic adventure 2	[SFM] Sonic Adventure 2: Showdown on the Space Colony ARK	110
style cover	Blank Space/Style (Taylor Swift Mash-Up) | Louisa Wendorff	179
my pony chris brown	William Singe - Pony	120
india arie video	India.Arie - Video	148
guitar lesson 1	Learn How To Play Guitar - Beginner Guitar Lesson #1	99
barcelona vs real madrid 2015	FC Barcelona vs Real Madrid 1-2 ‚óè El Clasico Promo | 02/04/2016 HD	194
india arie the truth	India.Arie- Growth Longer Version by Me	104
hair tutorials for medium hair	Waterfall bun hairstyle for everyday ‚úø Medium long hair tutorial	186
banana pancakes jack johnson	Jack Johnson - Banana Pancakes	161
history of rap jimmy fallon justin timberlake	"Jimmy Fallon & Justin Timberlake ""History of Rap 5"" (Mr. Dee Remix) [part 1]"	57
skyrim gameplay	Elder Scrolls V Skyrim: Official Gameplay Trailer	174
infinity one direction	One Direction - Infinity Live	189
mc lyte	MC Lyte - Cha Cha Cha | *Best Quality* (1989)	174
juegagerman deadpool	TODO EL MUNDO A PONCHAR | JuegaGerman | HolaSoyGerman German	85
exercise ball workouts	3 Exercises To Lose Belly Fat Fast On a Stability Ball For Beginners At Home	172
miley cyrus jolene	"Miley Cyrus - The Backyard Sessions - ""Jolene"""	180
xbox one games 2016	29 Big Xbox One Games of 2016	143
islam song	SoR - Pillars of Islam song	124
egg song	egg song	82
vegan what i eat in a day	WHAT I EAT IN A DAY #28 | VEGAN	108
unboxing ps4	Francis Unboxing a Playstation 4	172
fitness model	Female Fitness Models - Motivation 2016 [HD]	182
truck accident	Horrible road accident in Nizamabad district | two truck smashed the car	124
dinosaur song	The Dinosaurs Song	188
flashlight jessie j	Pitch Perfect 2 - Barden Bellas Final Performance - Flashlight - Jessie J	131
gtr exhaust	Romanatwood GT-R R35 | ARMYTRIX Performance Exhaust | Smilemore Project	195
fnaf animation	[SFM FNAF 4] I Got No Time Animation Song by The Living Tombstone	190
yeu mot nguoi co le	Y√™u M·ªôt Ng∆∞·ªùi C√≥ L·∫Ω -Lou Ho√†ng ft Miu L√™ (Hoaprox Remix ) (Teaser )	70
arsenal vs watford 4-0	Arsenal vs Watford 4-0 | 2016 (HD)	185
jurassic world minecraft	"""Jurassic World"" - Minecraft Parody"	75
halo wars 2	Halo Wars 2	70
android wear	First look at Android Wear 2.0	163
flight of the conchords	"[LQ] ""We're Both In Love With a Sexy Lady"" - Flight of the Conchords"	171
bus crash	Bus Crashes Into Pole After Driver Falls Asleep in Russia	120
real madrid vs manchester city 2016	Real Madrid vs Manchester City 1-0 Resumen All Goals & Highlights Champions League 2016	187
w2s challenge	THE CONDOM CHALLENGE EXTREME	191
lorde royals	Lorde - Royals (Sarah) | The Voice Kids 2014 | Blind Audition | SAT.1	125
po pi po	Po pi po ~ Miku Hatsune Vegetable Juice Dance (English subtitles, Download)	106
halloween pranks	Zombie Apocalypse Halloween Prank (SA Wardega)	186
brock lesnar vs big show	Brock Lesnar vs. Big Show: Judgment Day 2003	182
cannabis culture	Welcome to Marc Emery's Cannabis Culture Headquarters	191
dinosaur train	Dinosaur Train | Robot Chicken | Adult Swim	68
barbie girl song	Barbie Girl Song - Original Version (Best) | HD	196
miley cyrus the climb	V√†jen - The Climb (The Voice Kids 2012: The Blind Auditions)	109
dessert dawin ft silento lyrics	Dawin - Dessert ft. Silento (Behind The Scenes)	185
snake island	The Most Deadly Place On Earth - SNAKE ISLAND	173
pain theme	Naruto Shippuden - Girei (Pain's Theme Song)	134
mario selman	MEET ME IN 2 MIN | Mario Selman	196
christmas in hollywood	Michael Bubl√© - Christmas In Hollywood BTS Opening Montage	170
guitar tuner	Tuning a Guitar - Standard tuning for 6 string guitar	101
big bang fantastic baby	BIGBANG - FANTASTIC BABY -Ver. Final- M/V (Japanese Short Ver.)	138
autocad electrical	01 01 Introduction To AutoCAD Electrical 2015	92
police chase	Kansas City Police Chase (May 06, 2016) KCTV5	162
erb obama vs romney	Epic Rap Battles Of History - Behind the Scenes - Barack Obama vs Mitt Romney	186
iphone 6s plus	Computex 2016: Zenfone 3 vs iPhone 6s Plus | Tudocelular.com	179
prison riot	Flosstradamus feat. GTA & Lil Jon - Prison Riot	190
lost frequencies live	Lost Frequencies - Reality (Live @ Evers Staat Op)	176
chapo guzman documentary	Drug Lord: The Legend of Shorty Official Trailer - El Chapo Documentary Movie HD	105
dessert dance	DESSERT - Dawin Dance Choreography | Jayden Rodrigues #DessertDance	183
amy winehouse stronger than me	Amy Winehouse - Stronger Than Me Acoustic feat. Femi Temowo 2004	185
sugar sugar the archies	The Archies - Sugar, Sugar (Original 1969 Music Video)	182
olur olur seni sana sen	Olur Olur - Seni Sana Sen	122
cooking with jack	Cooking With Jack update	51
bus stop	Bus Stop- The Hollies - 1966	181
abc mouse	"""The Letter A Song"" by ABCmouse.com"	123
huawei p8	Descubre el nuevo Huawei P8	110
reality lost frequencies remix	Lost Frequencies feat. Janieck Devy - Reality (Official Music Video)	169
big bang theory	The Big Bang Theory - Raj's New Girl	95
baby alive	BABY ALIVE Outing To Toys R Us With Emma Jane!	132
sony six live	Live Action on Sony six	59
autocad 3d	AutoCAD 2013 Tutorial: How to Convert 2D to 3D Objects	106
erb steve jobs vs bill gates	Steve Jobs vs Bill Gates.  Epic Rap Battles of History Season 2.	167
skyrim theme	IMPOSSIBLE REMIX - Skyrim Theme	150
tigres del norte camelia la texana	Los Tigres Del Norte - Contrabando Y Traicion (Camelia La Texana)	197
pepa to gourounaki kypriaka	Œó Œ†ŒïŒ†Œë Œ§Œü ŒìŒüŒ•Œ°ŒüŒ•ŒùŒüŒ•Œô Œ£Œ§Œü FAKKATE TOUS! (MEGA TV CYPRUS)	174
beyonce lemonade album	LEMONADE Trailer | HBO	65
mc davo	C-Kan - Round 2 ft. MC Davo	199
raw 2016	Roman Reigns wants Seth Rollins to prove he's not a coward: Raw, May 30, 2016	172
reality lost frequencies lyrics	Lost Frequencies feat Janieck Devy - Reality (Lyrics)	158
test drive	How to train your dragon Score: Test drive	157
autocad 2014	AutoCAD Training 0101 What You Will Learn	144
puppy surprise	Puppy surprise 2015!	144
my pony song	William Singe - Pony	120
car radio twenty one pilots lyrics	|l||l|Nightcore|l||l| - Car Radio - Twenty One Pilots	198
jessie j flashlight smule	LUCU !! Smule Jessie J Flash Light Terbaru Super Funny Sing Karaoke	187
candy kisses amanda perez	Candy kisses amanda Perez - cover	140
guitar lesson for beginners acoustic	Learn How To Play Guitar - Beginner Guitar Lesson #1	99
agario hack	AGARIO HACK - 99999 MASS BOTS TUTORIAL (AFTER PATH) MAY 2016 100% WORKING	180
lacrim corleone	Lacrim - Corleone	187
poison rita ora	Rita Ora - Poison (Andie Case Cover)	188
love yourself lyrics	Justin Bieber - Love Yourself (MattyBRaps Cover) (Lyrics On Video)	176
real estate band	Real Estate - Its Real	172
fnaf rap	FNAF 3 Rap Song Animation - Another Five Nights ( UNFINISHED )	81
blok ekipa 79	BLOK EKIPA W RZECZYWISTO≈öCI	69
emmanuel ogbah	2016 NFL Draft Rd 2 Pk 32 | Cleveland Browns Select DE Emmanuel Ogbah	112
blackberry smoke one horse town	"""One Horse Town"" Blackberry Smoke cover"	85
barcelona vs deportivo cuenca 2016	Deportivo Cuenca 2 vs 0 Barcelona SC | #NocheColorada | Amistoso 22-01-2016	152
high class eric paslay	Eric Paslay - High Class	199
autocad 2016	Drawing and Editing: AutoCAD 2016 Tutorial | AutoCAD	192
rombai marama	Marama - Nena	138
ark survival evolved dragon	ARK SURVIVAL EVOLVED - NEW UPDATE DRAGON DIPLODOCUS LEECH & ANNIVERSARY EVENT !!! (Spotlight v242)	99
messi vs ronaldo	MESSI VS. CRISTIANO RONALDO, im sexy and i know it! LMFAO - Internautismo Cr√≥nico	193
chapo guzman entrevista	"Entrevista con Joaquin ""El Chapo"" Guzm√°n 2016 - Kate del Castillo"	168
makeup transformation	Makeup Transformation on Speed	54
the weeknd the hills	The Weeknd - The Hills - Live at The BRIT Awards 2016	192
pnl la vie est belle	PNL -Tchiki Tchiki	193
cid 1349	CID - Episode 1349 - Exclusive Promo - June 2016	65
pizza rolls	60+ Pizza Rolls Eaten in 1 Minute | Matt Stonie	159
eminem not afraid	EMINEM Not Afraid Parody: Key of Awesome #26	184
justin bieber purpose	Justin Bieber - Mark My Words (PURPOSE : The Movement)	184
drone racing league	Drone Racing League | The Sport of the Future | DRL	73
dubai was lit	Dubai was lit	59
police chase 2016	Kansas City Police Chase (May 06, 2016) KCTV5	162
tiger fitness	TigerFitness Gym is OPEN to the Public!	163
game of thrones season 6 trailer 1	Game of Thrones Season 6: Trailer (RED BAND) (HBO)	101
mama boyz 2 men	Boyz II Men   A Song For Mama	180
dubai mall	The Dubai Mall Worlds Largest Shopping Mall *HD*	142
drone video	NPro+ Drone Video in Dubai in 4K (DJI Inspire 1, Phantom2)	196
civil war trailer	Marvel's Captain America: Civil War - Trailer 2	145
truck tug of war	Dodge vs. Chevy Truck Tug o' War Humiliation	88
hair hacks	Hair Hacks Every Broke Girl Should Know	177
rihanna songs	Rihanna - Needed Me	194
drake hotline bling audio	Kehlani x Charlie Puth -  Hotline Bling [Official Audio]	176
summer calvin harris	Calvin Harris - Summer (Radio 1's Big Weekend 2014)	189
hot niggga bobby shmurda	Bobby Shmurda - Hot N*gga	198
ride twenty one pilots	Nightcore - Ride (twenty one pilots)	168
roma torino 3-2	Roma - Torino 3-2 l' esultanza di Zampa ai goal di Totti	156
snake prank	Epic Snake Chase Prank!!	174
dner 360	Dner in 360 Grad!	78
ellen degeneres justin bieber	Never Have I Ever with Madonna and Justin Bieber	171
gta5 new update	GTA 5 ONLINE FINANCE & FELONY UPDATE OUT NOW? (GTA 5 News)	161
morning routine for school 6th grade	My Morning Routine for School 2016	199
rio roma hoy es un buen dia	Rio Roma - Hoy es un buen dia (cover)	99
zombie apocalypse	ZOMBIE APOCALYPSE PRANK!!!	194
aruan felix cortando o botao do youtube	RESPOSTA AO ARUAN FELIX ‚Äπ CORTANDO O BOT√ÉO DO YOUTUBE ‚Ä∫	177
maquillaje de noche	Look para un s√°bado noche. El look perfecto para un s√°bado noche con Maybelline	193
xbox 360 black ops 3	Call of Duty Black Ops 3 Graphics Comparison: Xbox One Vs. Xbox 360	148
diy school supplies	DIY NUTELLA SHARPENER | EASY DIY School Supplies	89
mortal kombat x	FASTEST QUITALITY EVER ON MORTAL KOMBAT X?	67
mustang gt350r	2016 Ford Mustang Shelby GT350R: Start Up and Revs with Active Exhaust	89
fnaf 4	[SFM FNAF 4] I Got No Time Animation Song by The Living Tombstone	190
pretty little liars season 6 episode 1 full episode	Alison 6x01 Patr 1	153
trap nation	Jetta - I'd Love to Change the World (Matstubs Remix)	190
nike academy	Nike Academy: FC Barcelona at Wembley	172
5s lean	5S Garage - An Introduction to 5S and Lean Principles	64
dragon ball super episode 41	Dragon Ball Super Episode 41 | REACTION | 3 of 6 | HD | ENGLISH SUB	179
high school musical breaking free	Zac Efron doesn't recognise Breaking Free from High School Musical. Sad times.	135
360jeezy	A shout out to 360 jeezy	146
love yourself	Justin Bieber - Love Yourself (Live From The 2016 Radio Disney Music Awards)	100
real madrid vs barcelona	Real Madrid vs Barcelona 2-1 All Goals Highlights 2016 HD	183
taylor swift commercial	TAYLOR vs. TREADMILL	61
police shooting criminals	Tampa police chase || Police shooting criminals	144
exercise for flat stomach	Easy Exercises To Get A Flat Stomach	146
cristiano araujo hoje eu to terrivel	Cristiano Ara√∫jo - Hoje eu t√¥ terr√≠vel - (DVD in The Cities) [V√≠deo Oficial]	173
india martinez	India Martinez - Hoy	197
makeup for beginners	Step By Step Makeup For Beginners ‚Äì All Things Makeup	155
360 video minecraft	360 Minecraft Roller Coaster [ANIMATION] - 4k HD	147
basketball drills	Basketball Drills For Guards- Layups Drill!	140
coc hack	Clash of Clans Hack Cheats Free Gems | The TRUTH!	154
illuminati confirmed	Apple is Illuminati	141
lights out	Lights Out - Official Trailer [HD]	143
java tutorial	Java Tutorial for Beginners - 00 - Introduction to Java	150
britney spears toxic	Britney Spears Toxic	190
call of duty infinity ward	Battlefield 1 vs Call Of Duty Infinity Ward Parody #ripcod .	107
english speaking practice	In The Morning | Adverbs of Frequency | English Speaking Practice | ESL | EFL	193
sherlock holmes trailer	Sherlock Holmes (2009) Official Trailer #1 - Robert Downey Jr., Jude Law Movie HD	151
flashlight pitch perfect 2 lyrics	Flashlight - Bethany Mota - Pitch Perfect 2 / Jessie J Cover [Full HD] lyrics	193
lean on me lyrics	Major Lazer & DJ snake  Lean on Lyrics	173
galinha pintadinha 1	Galinha Pintadinha e o Galo Carij√≥	109
abs workout for men	Abdominal Fitness : A Complete Abs Workout for Men	140
trap nation stressed out	‚ñ∂„ÄêNightcore„Äë- stressed out (Twenty One Pilots) [Tomsize Remix]	191
german shepherd puppies	German Shepherd and Puppy Playing On Couch	114
dubai cars	Abandoned Cars in Dubai	156
truck crash	Truck Crash & Accident Compilation 2016	191
sony computer entertainment	Sony Computer Entertainment games trailer	196
imagine dragons on top of the world	Imagine Dragons - On Top of the World - Lyrics	191
bts run teaser	Î∞©ÌÉÑÏÜåÎÖÑÎã®(BTS) - 'I NEED U' + 'RUN' MV Teaser	97
sia alive karaoke	Sia - Alive 2016 (Carpool Karaoke)	69
5s iphone	iPhone 5S Official Video	182
ncs release	Syn Cole - Feel Good [NCS Release]	182
pizza cake	DIY Pizza Cake, Corinne VS Pin #7, Pinterest Test	167
jesus loves me	"""Jesus Loves Me"" by Listener Kids"	170
ariana grande focus without music	"Ariana Grande Focus Parodie (without music)üòÇ
(This is made by theksomic8)"	117
sia breathe me	Sia - Breathe Me (Official Video)	190
chocolate spongebob	CHOCOLATE	68
pitbull taxi	Pit Bull-El Taxi ft Sofia Vergara Gramy Awards 2016	114
w2s try not to laugh	KSI VS W2S (TRY NOT TO LAUGH CHALLENGE)	115
one direction songs	One Direction - Drag Me Down	192
lacrim poutine	Lacrim - Poutine	180
diy projects	3 Simple, Yet Cool DIY Projects (Part 1)	194
fnaf movie	Five Nights at Freddy's - The Movie (Trailer) [Fan Made]	89
cannabis 2016	2016 SoCal Medical Cannabis Cup: Week 1 Highlights	141
raw alignment	Welcome to Raw Alignment!	159
fire bts	[BTS - FIRE] Comeback Stage l M COUNTDOWN 160512 EP.473	179
arcangel panda	Arcangel - Panda [Oficial Remix]	126
cannabis rapper	Canibus - The Ballad (Eminem Diss)	187
islam crash course	Crash Course (World History) Thought Bubble #13: Islam	98
dubai airport	Emirates Airlines Landing at Dubai Airport DXB *HD*	143
trap queen remix	Fetty Wap feat. Gradur - Trap Queen Remix	196
that tinh remix	[ Karaoke Demo ] Th·∫•t T√¨nh Remix Beat - Tr·ªãnh ƒê√¨nh Quang	133
hot wheels	Hot Wheels Beach Track	126
lapang dada cover	STEREO | Lapang Dada - Cover Sheila on 7	160
true detective trailer	True Detective [HBO] Trailer	105
sia alive cover	Chloe Castro performs ‚ÄòAlive‚Äô: Knockout Performance - The Voice UK 2016	119
neymar highlights	Neymar Jr: Top 5 goals with FC Barcelona	128
dog videos	Cute Dogs And Adorable Babies: Compilation	175
anaconda vs lion	Lion VS Giant Anaconda Snake - Real Fight	156
cake by the ocean clean lyrics	Cake By The Ocean - DNCE Lyrics (Tanner Patrick & Rajiv Dhall Cover)	177
agario music	Goblins from Mars - Bitter World (ft. Bombermenslug)	177
vampire diaries season 7 episode 1	The Vampire Diaries 7x01-Three years from now scenes	81
taladro yeniden sevme beni	Taladro - Yeniden sevme beni	180
infinity war	Marvel's Avengers: Infinity War Teaser Trailer	106
interview tips	Interview Tips - The Top 5 Job Interview Tips You NEED To Pay Attention To	157
lean and dabb lyrics	Heaven King | iLoveMemphis - Lean & Dabb #LeanDabbDanceOn	127
lights journey	Journey - Lights (HQ with lyrics)	189
interview with prince	Prince Last Interview Before Death	102
paint chips	DIY: How to Repair Paint Stone Chips	177
rubius dj	EL RUBIUS DJ - SALSEO ELRUBIUSOMG	153
ellen scares taylor swift	Ellen- Ellen scares Taylor Swift	80
squeezie question time	BONUS : B√äTISIER QUESTION TIME 12 !	181
flashlight pitch perfect 2	Pitch Perfect 2 - Barden Bellas Final Performance - Flashlight - Jessie J	131
drift alina baraz	Alina Baraz & Galimatias - Drift | The Theorist Piano Cover	180
cristiano araujo maus bocados	Cristiano Ara√∫jo - Maus Bocados (Oficial)	195
my house 1 hour	Flo Rida - My House [Official Video]	196
mortal kombat theme song	MORTAL KOMBAT THEME SONG ACAPELLA!	109
lights please j cole	J Cole Lights Please Music Video HD HQ Audio Dirty Explicit	198
jul wesh alors	PARODIE - JUL WESH ALORS - VERSION PORTUGAL	114
buzzfeed india	Iconic Indian Bridal Styles	145
sonic x	Sonic X - Theme Song	60
chase rice whisper	Chase Rice - Whisper (Lyric Video)	190
makeup tutorial	Everyday makeup tutorial! 2016	149
dragon ball super episode 39	Dragon Ball Super Episode 39 | REACTION | 1 of 6 | HD | ENGLISH SUB	168
formation lyrics	The Starrkeisha Cheer Squad! @TheKingOfWeird	155
mermaid melissa	Mermaid Melissa with real sea stars on Starfish Island	179
lindsey stirling playlist	Night Vision - Lindsey Stirling - New Album  & Summer Tour	92
maquillaje natural	Maquillaje natural y muy f√°cil para cada d√≠a	191
air force ones nelly	Nelly Feat. Murphy Lee 'Air Force Ones' Live at KDWB's Star Party 2013!	110
dj sonica	Naughty life of DJ Sonica || ChotoAzad Show || THUG LIFE	74
dog song	Bingo Dog Song - Nursery Rhyme With Lyrics | Cartoon Animation for Children	175
omi ft nicky jam	OMI feat. Nicky Jam - Cheerleader (Felix Jaehn Remix) [Cover Art]	181
skyrim trailer	The Elder Scrolls V: Skyrim - Official Trailer	174
barbie movies	"Barbie‚Ñ¢ Spy Squad - ""Champions"" - Movie scene"	131
french bulldog	Funny And Cute French Bulldog Compilation 2016	198
buzzfeed ladylike	Can An App Guess Your Boob Size? ‚Ä¢ Ladylike	178
exo unfair	[HOT] EXO - Unfair,  ÏóëÏÜå - Î∂àÍ≥µÌèâÌï¥, Show Music core 20151219	180
larva season 4	Exclusive - [Official]  New friend 4 - Larva Season 3 Episode 89	141
fishing knots	Palomar Knot Strongest Fishing Knot	159
erb rasputin vs stalin	Epic Rap Battles of History - Behind the Scenes - Rasputin vs Stalin	171
payday 2 crimewave edition	PAYDAY 2: Crimewave Edition - Status Update #11	99
drake hotline bling instrumental	Drake - Hotline Bling - Piano Karaoke / Sing Along / Cover with Lyrics	198
pnl programacion neurolinguistica	Ejercicio PNL Para Alcanzar Lo que Quieres!	163
troye sivan blue neighbourhood	Troye Sivan - YOUTH	198
brock lesnar vs dean ambrose	Dean Ambrose vs. Brock Lesnar - No Holds Barred Street Fight: WrestleMania 32 on WWE Network	56
happy birthday song remix	Happy birthday Minions Song 2 in 1 | funny happy birthday song	75
cristiano araujo voce mudou	Cristiano Ara√∫jo - Voc√™ Mudou (voz e viol√£o)	161
gordon ramsay likes the food	Gordon Ramsay likes all the food	144
679 fetty wap featuring remy boyz	Fetty Wap-'679' Ft.Remy Boys OnScreen Lyrics	195
real madrid vs wolfsburg	Real Madrid vs Wolfsburg 3-0 GOLES All Goals & Highlights Champions League 2016	122
news or something future	Future - News Or Something	195
beach house full album	Beach House - Saltwater	178
food inc	Food Inc - Official Trailer [HD]	136
sugar sugar	The Archies - Sugar, Sugar (Original 1969 Music Video)	182
filme de comedia	üî¥ Bruxa 2016 - TERROR - Filme Completo Dublado em HD	184
lil dicky freestyle	Lil Dicky goes hard in the 106 & Park Backroom	176
lights ellie goulding	Ellie Goulding - Lights (Selin) | The Voice Kids 2014 | Blind Auditions | SAT.1	121
train horn prank	2016 train horn pranks	90
anitta ginza	J Balvin feat Anitta Ginza Audio 2016	180
hola hola	The Rosso Sisters - Hola Hola (Lyric Video)	182
imagine dragons demons	Demons - Imagine Dragons	176
lana del rey freak	Freak - Lana Del Rey Cover by Cally Rhodes	175
guitar lesson for beginners	Learn How To Play Guitar - Beginner Guitar Lesson #1	99
marihuana cancion	Quiero Fumar Marihuana Dj Bekman (KALE & JQ)Los Maniaticos Del Mix Tape.mp4	184
pokemon omega ruby and alpha sapphire	POKEMON Omega Ruby & Alpha Sapphire BATTLE!	166
sia cheap thrills lyrics	Sia | Cheap Thrills | Choreography by Viet Dang	120
kylie jenner lip kit	KYLIE JENNER LIP KIT FORMULA STOLEN?!	130
coc movie	Clash Of Clans Movie - Virtual Reality Raid! (CoC Full Animated Clash Of Clans Movie Animation!)	111
map open	You and I (OPEN) Couples Collab OC MAP/MEP	147
vegan mac and cheese	Quick And Easy Vegan Mac & Cheese	97
zombie prank	Zombie Apocalypse Halloween Prank (SA Wardega)	186
party songs	'Abhi Toh Party Shuru Hui Hai' FULL VIDEO Song | Khoobsurat | Badshah | Aastha	189
bus driver beats up girl	Bus driver beats up girl	94
trap city mix	DJ Snake & Lil Jon - Turn Down For What (Onderkoffer Remix)	196
history of rap 1	"""Evolution of Hip-Hop Dancing"" (w/ Jimmy Fallon & Will Smith)"	176
formation remix	Dj Taj ~ Formation (Remix) feat. Panic & Lil E	161
test prep	Bundle Of Rights	90
drake pop style	Drake - Pop Style (Devvon Terrell X Damien Esco Remix)	148
navidad sin ti secreto el biberon	Secreto El Biberon Navidad Sin Ti (Video Official)	180
runaway love	Alice Gold - Runaway Love	198
masa i medved na srpskom crtani	–ú–∞—à–∞ –∏ –ú–µ–¥–≤–µ–¥—å Masha i Medved Frozen Disney Peppa Pig Frozen Toys Peppa Pig Toys 10	106
trailers 2016	Assassin's Creed Official Trailer #1 (2016) - Michael Fassbender, Marion Cotillard Movie HD	121
fire emblem fates	Fire Emblem Fates - Launch Trailer (Nintendo 3DS)	178
curry injury	Stephen Curry's knee Injury vs Rockets (Game 4) | NBA Playoffs 2016	96
coc new update 2016	Clash of Clans - NEW BABY DRAGON TROOP! (New Update)	155
omi lyrics	OMI cheerleader lyrics	182
my house stephen curry	"Stephen Curry Mix - ""My House""  ú·¥Ö (Re-Upload)"	193
undertaker theme song	The man behind the making of The Undertaker‚Äôs theme song	184
islam in america	MUSLIM WOMAN BEATEN IN PUBLIC EXPERIMENT	198
ride along 2 trailer	Ride Along 2 - Official Trailer (HD)	153
full hd video 1920x1080	NEW SONY Handycam¬Æ HDR-PJ410 AVCHD 1920x1080 50p Video test Full HD camcorder	72
mlp equestria girls	BLOOPERS - MLP: Equestria Girls ‚Äì Friendship Games! [HD]	143
donald trump vines	Trump 2016 Vines Compilation | Best Donald Trump Vines March 2016	164
geometry dash soundtrack	TMM43 - Ultimate Destruction	166
reality lost frequencies feat. janieck devy	Lost Frequencies feat. Janieck Devy - Reality (Official Music Video)	169
porta dos fundos imigracao	IMIGRACÃßAÃÉO	172
one dance drake	Drake - One Dance feat. Kyla & Wizkid (Lyrics)	132
taylor swift out of the woods	"Taylor Swift Talks About ""Out Of The Woods"""	71
borro cassette maluma remix	Borro Cassette (REMIX) Maluma - aLee Dj	184
barcelona vs real madrid 2016	Barcelona vs Real Madrid 1-2 : El Clasico 2016 (Ronaldo goal Sergio Ramos red card Goals Highlights)	95
erb darth vader vs adolf	Hitler vs Vader 2.  Epic Rap Battles of History Season 2.	161
angry birds toon	Angry Birds Toons - S3E26 Toy Hoggers	167
news music	After Effects News Template - Broadcast News Package - News Intro	118
masha i medved song	–ú–∞—à–∞ –∏ –ú–µ–¥–≤–µ–¥—å - –ü–µ—Å–µ–Ω–∫–∞ –ø—Ä–æ –∫–æ–Ω—å–∫–∏	114
terraria moon lord	Fighting the Moon Lord	177
ncs music	Alex Skrindo - Jumbo [NCS Release]	191
sia alive coachella	Maddie Ziegler | Sia Alive Visuals | Coachella 2016	51
mortal kombat legacy	Mortal Kombat: Legacy II | Koming September 26th, 2013	156
my pony ginuwine lyrics	William Singe - Pony Lyrics	120
poison ivy	Poison Ivy vs Spiderman vs Batman - Real Life Superhero Movie	196
gummy bear just dance	Just Dance Kids 2 - The Gummy Bear Song (Wii Rip)	150
gordon ramsay idiot sandwich	Gordon Ramsay Set a Bleep Record	88
3d sound	3D Sound - WEAR HEADPHONES - Virtual Reality Audio - WWI	199
ufc knockouts	Top 10 Most Brutal MMA Knockouts in UFC History - Crazy head kicks All Time Fights Highlight!	195
wwe wrestlemania 32	John Cena returns to join forces with The Rock: WrestleMania 32 on WWE Network	65
runaway kanye west	"The Night Before Clip - ""Runaway"""	99
fifa 16 skill moves	FIFA 16 - MOST EFFECTIVE SKILL MOVES TUTORIAL	196
sherlock holmes theme	Sherlock Holmes Theme song	146
lost frequencies feat. janieck devy - reality (original mix)	Lost Frequencies feat. Janieck Devy - Reality (Official Music Video)	169
ariana grande dangerous woman	Ariana Grande - Dangerous Woman | MIRANDA SINGS	109
ufc 197	UFC 197: Demetrious Johnson Octagon Interview	95
dj taj	Dj Taj ~ Controlla (Remix) @DjLilTaj	169
lights down low	Bei Maejor - Lights Down Low ft. Waka Flocka Flame	186
cartel de santa suena mamalona	"Cartel De Santa ""Suena Mamalona"" VIDEO OFICIAL"	128
lean on me kirk franklin	lean on me- kirk franklin (instrumental/karaoke)	179
history of rap jimmy fallon justin timberlake part 1	"Jimmy Fallon & Justin Timberlake ""History of Rap 5"" (Mr. Dee Remix) [part 1]"	57
sony tv	jennifer winget New Show on Sony Tv First Promo	100
reality lost frequencies audio	Lost Frequencies feat.  Janieck Devy - Reality (HQ audio)	159
drake views	Every Sample From Drake's 'Views'	194
chocolate rain	"""Cherry Chocolate Rain"" Original Song by Tay Zonday"	173
lego minecraft	LEGO MINECRAFT - JUST ANOTHER DAY	63
nerf rival	NERF Rival - Behind The Blaster	96
rihanna anti	Rihanna - Consideration (Feat. SZA) (Audio) (ANTI)	165
el taxi letra	Taxi - Pitbull Ft Sensato (Letra) | SheetBrakerMusic	194
cancer young thug	Young Thug - Fuck Cancer (Lyrics)	167
car karaoke james corden	Chewbacca Mom Takes James Corden to Work	90
coc th7 war base	Clash of Clans Town Hall 7 Defense (CoC TH7) BEST War Base Layout Defense Strategy	175
canon in d pachelbel	Pachelbel - Canon in D (Best Piano Version)	171
mario kart	MARIO KART (REMI GAILLARD)	136
dj wale babu	Badshah - DJ Waley Babu | feat Aastha Gill | Party Anthem Of 2015 | DJ Wale Babu	156
masha i medved kasha	Surprise Foam clay Eggs Masha i Medved Spongebob Disney Princess Toys Huevos sorpresa juguetes	159
aruan ortiz hidden voices	ARUAN ORTIZ QUARTET LIVE IN ZAGREB	150
minecraft school ep 1	Minecraft - Monster School Animation - Flying Plane - Episodes 1	144
infinity gauntlet	Marvel Phase 3 Video, Infinity Stones, First Time Showing Thanos Infinity Gauntlet And Announcement	110
dessert dawin remix	Dawin - Dessert (VEGA Remix)	181
islam music	Ask Mufti Menk - Is Music Haram?	151
german language	LEARN GERMAN FOR BEGINNERS LESSONS 1-100 for FREE	95
egg curry	Egg Curry | Indian Recipe | Sanjeev Kapoor Khazana	193
halloween songs for kids	Haunted House | Halloween songs for children	170
hot pepper gaming kingdom hearts	Best of Hot Pepper Gaming - I'M SORRY MY BODY	196
zombie song	Nightcore - The Zombie Song	138
cooking with kylie	Did Kylie Steal Her Cooking Segment From Blac Chyna?	158
ufc 196	Conor McGregor Vs. Nate Diaz Highlights - UFC 196	139
poyraz karayel 50	Poyraz Karayel 50.B√∂l√ºm Fragmanƒ±	56
history of rap 5	"Jimmy Fallon & Justin Timberlake ""History of Rap 5"" (Mr. Dee Remix) [part 1]"	57
shia labeouf just do it	"Shia LaBeouf ""Just Do It"" Motivational Speech (Original Video)"	64
marihuana ilegal	Manu Chao - Clandestino (HQ)	148
halo beyonce	Beyonce sing acoustic Halo in Krankenhaus	121
india vs pakistan	ICC #WT20 - India vs Pakistan  Match Highlights	172
call of duty ghost	Official Call of Duty: Ghosts Reveal Trailer	146
guitar lessons for beginners	Learn How To Play Guitar - Beginner Guitar Lesson #1	99
bodybuilding transformation	One Year Body Transformation from fat to fit	135
xbox 360 emulator for pc	How to play Xbox 360 Games on a Windows PC - Xenia	136
trailers hd	Marauders Official Trailer #1 (2016) - Bruce Willis, Dave Bautista Movie HD	125
lele pons singing	"Inspirational Video ""Stay Brave"" with Vine Star Lele Pons"	195
dope bts dance mirror	[MIRRORED] WAVEYA BTS Î∞©ÌÉÑÏÜåÎÖÑÎã®-DOPE Ï©îÏñ¥ cover dance	188
snake eyes	G I Joe Snake Eyes and Stormshadow's Origin	195
ride of the valkyries	Apocalypse Now- Ride of the Valkyries	146
dope bts reaction	British Kids React to | 'BTS Dope' [The Girls] | ocUKids KPOP #10	196
3d printed gun	"First Firing of ""Liberator"" 3D Printed Gun"	189
masa i medved vse	–ú–∞—à–∞ –∏ –ú–µ–¥–≤–µ–¥—å - –ü–µ—Å–µ–Ω–∫–∞ –ø—Ä–æ —É–º—ã–≤–∞–Ω–∏–µ	132
dota basshunter	The new Basshunter - DotA video.	184
real estate exam prep videos	Bundle Of Rights	90
morning routine kids	Songs In Real Life: My Morning Routine (ft. Mommabu)	194
moto 360 sport	Moto 360 vs. Moto 360 Sport Watch	145
baby justin bieber	Avery and The Calico Hearts - Baby (Justin Bieber) - America's Got Talent	177
illuminati confirmed music	Spongebob illuminati confirmed?	123
ps4 games	PlayStation Plus | Your PS4 monthly games for June	60
bugatti ace hood	GTA 5 : Bugatti - Ace Hood	193
vegas girl conor maynard	Conor Maynard - Vegas Girl (Lyric Video)	170
see you again miley cyrus	Miley Cyrus-See You Again with lyrics	194
pony ginuwine	Pony - Ginuwine (William Singe Cover)	142
lego ninjago	LEGO NINJAGO THE MOVIE PART 28 - TRAILER - THE TYRANNY OF NADAKHAN	74
chapo guzman movie	Drug Lord: The Legend of Shorty Official Trailer - El Chapo Documentary Movie HD	105
tigres del norte la bala	Los Tigres Del Norte - La Bala	197
taladro 2016	Taladro - Dudaklarƒ±ma √ñl√ºm Doƒüdu -2016- (Yeni Par√ßa)	137
boom boom boom boom vengaboys	Vengaboys - Boom Boom Boom (Live in Germany 2012 HD)	120
science projects	Underwater Candle - Science Experiment	111
florida georgia line stay	"Florida Georgia Line ""Stay"" by Megan and Liz"	197
little pony movie	My Little Pony: Equestria Girls - Rainbow Rocks EXCLUSIVE Movie Clip	85
habibi habibi arabic song	Habibi habibi arabic song	70
lion king circle of life	THE LION KING Australia: Cast Sings Circle of Life on Flight Home from Brisbane	139
dope bts audio	BTS (Î∞©ÌÉÑÏÜåÎÖÑÎã®) - DOPE (Ï©îÏñ¥) Dance Cover by IRIDESCENCE	121
payday 2	PAYDAY 2: E3 Teaser	98
truck accident lawsuit helios legal	AMAZING Motorcycle ACCIDENT Bike VS Truck Biker Hits Semi 18 Wheeler Motor CRASH Video FAIL ROC 2015	107
taxi theme song	Taxi opening and closing	109
drone footage	Brain Farm shoots first-ever Ultra HD Phantom Flex4k drone footage	189
nike free rn flyknit	Nike Free RN Flyknit 2016: First Look in HD!	70
juegagerman trucos de google	10 trucos secretos de Google que deber√≠as conocer	162
french music	Fondu au noir - Coeur de pirate	174
ellen show 2016	"Christina Aguilera plays ""Heads Up""on the Ellen Show"	108
larva season 2	Larva Season 2 Special	88
blackberry z10	BlackBerry Z10 vs iPhone 5 Camera Test Comparison	144
bernie sanders debate	Donald Trump is Willing to Debate Bernie Sanders	179
cannabis oil cancer cure	How to make CBD THC Cannabis oil to treat Cancer at home	61
that tinh karaoke beat	[ Karaoke Demo ] Th·∫•t T√¨nh Remix Beat - Tr·ªãnh ƒê√¨nh Quang	133
banana phone	Banana Phone	196
pretty little liars season 1 episode 1 full episode	Toby Cavanaugh: Season 3 Episode 16 - Clip Three	113
fallout 4 soundtrack	Fallout 4 OST - Main Theme	182
cat stevens	Cat Stevens - Moon Shadow (1970)	174
my pony ginuwine	Pony - Ginuwine (William Singe Cover)	142
gato barbieri europa	Gato Barbieri - Europa	189
gummy bear song with lyrics	The Gummy Bear Song With Lyrics	161
gopro hockey	GoPro: NHL After Dark	171
jul lova	Jul Tu la love - YouTube.mp4	190
aib knockout salman khan	Salman Khan Loses His Temper On AIB Knockout | EXCLUSIVE | AIB Roast	154
style wars	Style Wars 2 - Trailer	90
el lobo feroz y los tres chanchitos	LOS TRES CHANCHITOS Y EL LOBO FEROZ CUENTO INFANTIL	191
jennifer lopez papi	Jennifer Lopez - Papi [Behind The Scenes]	142
ellen scares	Ellen's Favorite Scares	179
ferrari ff	Ferrari FF Dark Horse Collaboration Project	150
1080p hd video	TRANSFORMERS 4 OFFICIAL Trailer [HD 1080p]	153
my house flo rida lyrics	Flo Rida - My House [Official Video]	196
fetty wap wake up	Fetty Wap - Wake up (First Reaction/Review)	137
jessie j flashlight acoustic	Jessie J - Flashlight / Pitch Perfect 2 (Nicole Cross Official Cover Video)	172
basketball fights	Craziest NBA Fights Of All Time Part 2	182
rezi backstage	Kawka!	154
bmw m6	750hp Manhart BMW M6 w/Akrapovic exhaust - great sounds in London	139
aib alia bhatt	AIB trolls Bollywood : Alia Bhatt	84
reality lost frequencies ft janieck devy	Lost Frequencies feat. Janieck Devy - Reality (Official Music Video)	169
candy candy	Candy Candy OP	72
filme 2015	Maze Runner: The Scorch Trials (2015) Trailer HD - (www.filmenoihd.eu)	105
chase pig commercial	Mini Pig picking on our Great Dane	106
chandelier acapella	Chandelier - VoicePlay feat. Rachel Potter	199
dessert dawin audio	Dawin - Dessert (Alive Remix)	182
drake back to back	Drake - Back to Back Freestyle [With LYRICS]	164
imagine dragons roots	Imagine Dragons - Roots (Audio)	173
lele pons	I'M A YOUTUBER NOW? | LELE PONS CHANNEL TRAILER	127
gym motivation	The Rock No excuses gym motivation Compilation	184
windows 10 mobile	What's new in Windows 10 Mobile preview build 14322	154
hello darkness my old friend	The Sound of Silence (Original Version from 1964)	185
kissing challenge	NEW BEST Kissing Challenge NEW Vine Compilation - Best Kiss Cam Vines ‚úî ‚úî‚úî	133
raw after wrestlemania 32	Sami Zayn Entrance After WrestleMania 32 ft. Crowd Singing His Theme Song	63
murder was the case snoop dogg	"snoop doggy dogg   "" murder was the case"" from the 1994 mtv video music awards"	178
banks waiting game	Neon Jungle - Waiting Game (Banks Cover)	186
kiraz mevsimi 36	Kiraz Mevsimi 36. B√∂l√ºm yatak sahnesi	169
shia labeouf snl	Selena Gomez meets Shia LaBeouf	88
curry mix	Stephen Curry 2016 Mix - Welcome To My House  ·¥¥·¥∞	194
fire and rain james taylor	James Taylor - Fire and Rain - HQ Audio )))	199
htc vive	The Nest - HTC Vive VR Sniper Game Preview	89
cristiano araujo mente pra mim	Cristiano Ara√∫jo - Mente Pra Mim (Oficial)	182
finn balor	Finn Balor vs Adrian Neville Highlights HD - NXT Takeover: Rival 2015	144
mc kresha	MC Kresha & Lyrical Son - Making Of Rapsod√´t N'Rap T'Sotit I	80
see you again karaoke	Miley Cyrus - See You Again (Karaoke)	195
rihanna kiss it better	Rihanna - Needed Me	194
beyonce halo	Beyonc√© - Halo (Live)	190
samsung s7	Samsung Galaxy S7 and S7 edge: Official Introduction	190
college basketball	Boston College Basketball Emotional After Final Game Of Season	93
jul paranoia	Jul - Parano√Øa	175
love yourself justin bieber	Justin Bieber - Love Yourself (Live From The 2016 Radio Disney Music Awards)	100
fnaf sister location	Sister Location Trailer 1	97
french braid	THE CLASSIC FRENCH BRAID	166
badlapur songs	Jeena Jeena (Uncut Video Song) | Badlapur | Varun Dhawan, Yami Gautam & Nawazuddin Siddiqui	167
dj snake	Major Lazer & DJ Snake - Lean On (feat. M√ò) (Official Music Video)	179
civil war trailer 2 reaction	Captain America: Civil War Trailer #2 - Reactions Mashup	184
coc comedy	"Clash of Clans - 25 WORST BASES IN HISTORY! ""WTF!"" CoC Comedy Funny Rushed Troll Base Designs!"	182
iphone ringtone remix	iPhone (MetroGnome Remix)	199
lean on me club nouveau	Lean On Me (Lyrics)	181
geometry dash meltdown	Geometry Dash Meltdown: ‚ÄúThe Seven Seas‚Äù 100% Complete [All Coins] | GuitarHeroStyles	99
christmas lights	Frozen Christmas Lights	188
bebe rexha	"Bebe Rexha - ""Me, Myself & I"" Acoustic | Elvis Duran Live"	162
formation beyonce lyrics	LEMONADE Trailer | HBO	65
big bang theory full episodes	The Big Bang Theory - The Wisest Of The Wise	135
brock lesnar theme	WWE Brock Lesnar New 2013 Next Big Thing Titantron and Theme Song with Download Link	183
childish gambino bonfire	Childish Gambino - Bonfire	199
anitta bang english	Anitta - Bang (English Lyrics)	190
messi highlights	Champions Final 2011 I Highlights FC Barcelona - Manchester Utd (3-1)	198
true detective opening	True Detective Season 1: Opening Credits (HBO)	91
fifa 17	FIFA 17 COVER STARS?	192
iphone 7	iPhone 7 Trailer 2016	170
candy girl new edition	New Edition - Candy Girl 1983	159
miley cyrus adore you	Miley Cyrus   Adore You  Behind The Scenes	72
arsenal vs west brom 2016	Arsenal vs West Bromwich 2-0 Full Highlights English Commentary	144
android por -kraddy	Como desbloquear un tel√©fono Android por patr√≥n y cuenta Google olvidado	88
lion king songs	The Lion King - Can You Feel The Love Tonight	175
pretty little liars season 7	Pretty Little Liars Season 7 NEW Terrifying Trailer	165
samsung galaxy s7 edge	Samsung Galaxy S7 and S7 edge: Official Introduction	190
android authority	What is Stopping Flexible Displays From Taking Over?	155
focus rs	2016 Ford Focus RS 2.3 EcoBoost Dyno Runs - Lovely Sounds & Results!	176
dessert dawin 1 hour	NEW Dawin - Dessert WatchuGonDoWithThatDessert - BEST Vine Compilation - Funniest Vines	155
anitta zen	Zen (Clipe Oficial) - Anitta	175
puppy monkey baby remix	Light it Up - DJ Demand Puppy Monkey Baby remix	126
nike soccer	Nike Soccer Presents: NJRx Jordan Collection	100
raw cypher	Raw Cypher Futuristic Verse	80
bmw m3	"2016 BMW M3 ""30 Years"" OFFICIAL Trailer"	67
pony lyrics	William Singe - Pony Lyrics	120
bts dance cover	[Koreos] BTS Î∞©ÌÉÑÏÜåÎÖÑÎã® -  FIRE Î∂àÌÉÄÏò§Î•¥ÎÑ§ Dance Cover	168
motivation to study	MOTIVATION TO STUDY- students must watch!	87
omi hula hoop	OMI - Hula Hoop Dance Tutorial	123
one direction story of my life	One Direction - Story of My Life (MattyBRaps & Carlos Guevara Cover)	152
romeo santos eres mia	Romeo Santos - Eres M√≠a - Behind the Scenes	197
undertaker vs brock lesnar	WWE Network: The Undertaker vs. Brock Lesnar ‚Äì WrestleMania 30	113
dota wtf	Dota 2 Daily WTF - Kunkka Under Atack	73
nike football	Nike Football Presents: NJR x JORDAN Collection	100
frozen let it go lyrics	Let It Go - Frozen - Alex Boy√© (Africanized Tribal Cover) Ft. One Voice Children's Choir	195
ice cream song	Ice Cream Song for Children | Nursery Rhymes | Original Song by LittleBabyBum!	103
summer sixteen	Drake- Summer Sixteen (Official Song) BRAND NEW	194
car wash	Car Wash Song	196
maluma ft thalia	Sorry Tommy! Esta noche Thal√≠a es de Maluma	151
flightreacts	Flight Reacts To Dude Kicking Girl Out His House Because She's Sneaky!	148
adele hello	"Jimmy Fallon, Adele & The Roots Sing ""Hello"" (w/Classroom Instruments)"	199
school shooting	Teen Arrested for Snapchat School Shooting ‚ÄúPrank‚Äù	82
tigres del norte la granja	Los Tigres Del Norte-La Granja	181
banks live	BANKS - Better (Live 2015)	194
formation dance	FORMATION - Beyonce SuperBowl 50 Halftime Performance Dance Cover Twin Version #Formation	169
lorde live	TAYLOR SWIFT AND LORDE LIVE 2015 DC	60
paint with all the colors of the wind	Tori Kelly - Colors Of The Wind	147
beyonce hold up	"Beyonc√© Performing ""Hold Up"" Live in Miami (Formation World Tour 2016)"	54
huawei mate 8	Huawei Mate 8 hands-on!	184
work parody	Rihanna ft. Drake - Work (CARTOON PARODY)	171
mermaid caught on tape	MERMAID CAUGHT ON TAPE PHILIPPINES - REAL OR FAKE?	188
porsche macan	POV Drive: Porsche Macan Turbo [LOUD]	163
lamborghini ksi	KSI - Lamborghini (Explicit) ft. P Money	181
ferrari f40	BEST CAR EVER FERRARI F40	192
windows 10 product key	Find Windows 10 Product Key	197
birds singing	Love Birds Singing	95
xbox 360 controller	how to connect your xbox 360 controller to your xbox360	65
bts butterfly	[HOT] BTS - Butterfly, Î∞©ÌÉÑÏÜåÎÖÑÎã® - Î≤ÑÌÑ∞ÌîåÎùºÏù¥, Show Music core 20151205	94
fallout 4 mods	FALLOUT 4 Mod [XBOX 1]: SURVIVAL QUICK SAVE - No Sleep Till Bedtime	142
cake the distance	Cake-The Distance	181
geometry dash all levels	Stereo Madness - Geometry Dash	90
curry dunk	stephen curry dunk compilation	124
bts dance practice dope	BTS (Î∞©ÌÉÑÏÜåÎÖÑÎã®) - DOPE (Ï©îÏñ¥) Dance Cover by IRIDESCENCE	121
halo theme	Halo Theme Song Original	181
english songs	Major Lazer & DJ Snake - Lean On (feat. M√ò) (Official Music Video)	179
jessie j flashlight duet	Jessie J Flashlight - Duet Cover Smule Viral FunnyVideos FunnyPranks	66
lost frequencies - are you with me remix	Lost Frequencies - Are You With Me (Official Music Video)	136
agario bots	FASTEST 30.000 MASS EVER IN AGAR.IO?! - BOTS INVASION	198
my pony cover	Pony - Ginuwine (William Singe Cover)	142
love yourself parody	"Love Yourself PARODY|  ""Clean Yourself""  | The Holderness Family"	191
history of rap part 1	"Jimmy Fallon & Justin Timberlake ""History of Rap 5"" (Mr. Dee Remix) [part 1]"	57
gopro hero 4 silver	INSANE Turkey Holiday - GoPro Hero 4 Silver (1080p 60fps)	141
yeu va yeu	Y√™u v√† y√™u (cover) - Ki·ªÅu Ph·∫°m	176
romeo santos odio	Romeo Santos-Odio (version solo)	152
omi hula hoop lyrics	Hula Hoop Omi coreografia	191
sia alive acoustic	Sia - Alive (Acoustic Version by Ivo Soares) - Cover	198
trap nation playlist	Jetta - I'd Love to Change the World (Matstubs Remix)	190
360 no scope	CS:GO - TOP 5 MOST EPIC PLAYS #2 AWP 360 NOSCOPE !	143
pretty little liars full episodes	Toby Cavanaugh: Season 3 Episode 16 - Clip Three	113
vegan bodybuilding	Vegan Bodybuilders That Will Blow Your Mind!	123
science for kids	WALKING WATER Easy Kids Science Experiments	173
kevin roldan contigo	Kevin Roldan - Contigo / Ernesto Hernadez	78
olur olur komik sahneler	OLUR OLUR Fƒ∞LMƒ∞ S√úPER KOMƒ∞K SAHNE #YouTubeDaPop√ºlerT√ºrkiye	88
tiger vs lion real fight	Tiger Vs Lion Real Fight ( Lion Vs Tiger Fight To Death )	176
borro cassette maluma -watchmojo	Maluma - Borro Cassette (Premios Juventud 2015)[Courtesy of Univision]	192
arcangel flow cabron lyrics	Alvin y las Ardillas - Arcangel Ft. Tali MCS - Flow Cabron	179
ronaldo vs wolfsburg	Cristiano Ronaldo 2 Goals in 86 Seconds vs Wolfsburg	157
lamborghini murcielago	Lamborghini Murcielago Tears Up The Track (HQ) - Top Gear - Series 3 - BBC	169
huawei honor 5x	Huawei Honor 5X: A Good Way to Spend $200?	173
gtr vs bugatti	Nissan GT-R vs. Bugatti Veyron	97
fishing in the dark	Nitty Gritty Dirt Band - Fishin' in the dark	198
cooking videos	OREO CAKE | Tasty and easy dessert recipes for dinner to make at home | Cooking videos	168
dope bts dance cover	BTS (Î∞©ÌÉÑÏÜåÎÖÑÎã®) - DOPE (Ï©îÏñ¥) Dance Cover by IRIDESCENCE	121
finn balor demon debut	WWE Network: Finn B√°lor unleashes the demon in Brooklyn: NXT TakeOver: Brooklyn	75
marihuana medicinal	Marihuana medicinal cambi√≥ vida de Grace	146
interview with a serial killer	Serial Killer Joseph Paul Franklin Doing His Last Interview Before His Execution This Wednesday	154
music 2016 new songs	SAB TERA Video Song | BAAGHI | Tiger Shroff, Shraddha Kapoor | Armaan Malik | Amaal Mallik |T-Series	146
real madrid vs wolfsburg 3-1	Wolfsburg vs Real Madrid 0-3 ‚ñ∫UEFA Champions League 12/ 04/ 2016 ‚ñ∫All Goals & Highlights	89
pokemon sun and moon	Starter Pok√©mon for Pok√©mon Sun and Pok√©mon Moon Revealed!	122
ps4 remote play	Play PS4 on Mac or PC!	177
htc 10 unboxing	T-Mobile | Epic Unboxing at 10,000 ft. of the HTC 10 | Product Review	174
android marshmallow	The top five new features in Android Marshmallow	115
drift king	RED BULL DRIFT TIANMENSHAN MOUNTAIN DRIFTING KING Heli-recordings cor.31 - 95 Raw/Preview	159
galinha pintadinha 2	Meu Lanchinho - DVD Galinha Pintadinha 2 - Desenho Infantil	123
lego friends	Perfectly Planned Pizza - LEGO¬Æ Friends - Season 2 Episode 45	196
chandelier sia	"The Voice 2015 Blind Audition - Jordan Smith: ‚ÄúChandelier"""	170
sony vegas pro	TOP 10 Intro Template #3 Sony Vegas Pro + Free Download (–ü–ï–†–ï–ó–ê–õ–ò–í)	168
sugar ray	HD Sugar Ray Robinson Knockouts & Highlights	196
abs workout at home	Home ABS Workout - EFFECTIVE Exercises & Full Abs-Routine	158
dross luna de pluton	Dross habla del meme Luna de Plut√≥n	130
tigres del norte karaoke	Karaokanta - Los Tigres del Norte - Am√©rica	184
justin bieber love yourself	Justin Bieber - Love Yourself (Live From The 2016 Radio Disney Music Awards)	100
fetty wap again	Fetty Wap Again - Vine Cover Compilation	175
jessie j flashlight live	Jessie J - Flashlight (Acoustic) LIVE in Singapore	188
el taxi remix	"""El Taxi BONUS"" Remix Dance is convey - Reggaeton by Emiliano Ferrari Villalobo (HD) COREOGRAFIA"	65
love dont change by jeremiah	The cutest couple Jeremiah love don't change share	158
maluma 2016	MALUMA EN CDMX - M√âXICO TOUR 2016 (MAYO 29)	89
weekend update	Weekend Update: Pete Davidson's Trumpdate - SNL	191
love yourself instrumental	Justin Bieber - Love Yourself - Guitar Cover | Mattias Krantz	75
birds chirping sound effect	Sound Effects | Tropical Rainforest Birds Singing Songs Birds Chirping Sound Effects | Good Vibes	143
payday 2 gameplay	Payday 2 - Gameplay Trailer	115
dessert recipes	OREO CAKE | Tasty and easy dessert recipes for dinner to make at home | Cooking videos	168
miss universe 2015 crowning moment	Miss Universe 2015 Fail Crowning Moment Parody	191
frozen soundtrack	1. Frozen Heart - Frozen (OST)	108
windows 10 vs windows 7	Windows 7 vs Windows 10 - HDD boot time	72
trap city get low	ChildsPlay - King Kong ft.  Kalibwoy	153
see you again piano	See You Again - Cover Flute, Violin, Piano	190
roma fade andrew bird	Andrew Bird - Left Handed Kisses (ft. Fiona Apple) [OFFICIAL VIDEO]	192
lacrim brasse au max	Lacrim - Brasse au max	162
sam hunt ex to see	Ex To See by Sam Hunt (lyrics)	191
beyonce lemonade	LEMONADE Trailer | HBO	65
drake hotline bling live	Drake Does ‚ÄúHotline Bling‚Äù Dance Courtside at NBA Game	63
voice impressions	Cartoon Voice Impressions | Meghan McCarthy	138
india vs west indies 2016 world cup highlights	women's Worst bloopers in cricket	142
ride somo	Ride - SoMo (William Singe Cover)	74
poyraz karayel 55	Poyraz Karayel 55  B√∂l√ºm Ta≈ükafa Meltem Z√ºlfikar Bu ne sakinlik ya bƒ±yƒ±klarƒ±mƒ± yolacam ya!	196
pablo alboran y jesse y joy	Pablo Albor√°n con Jesse & Joy - Encuentro	78
bmw m5	BMW M5 E60 Vossen Wheels	190
christmas songs for kids	Jingle Bells | Super Simple Songs	190
xbox 360 minecraft	Minecraft Xbox 360/PS3 - NEW Update Information + Screenshots Coming Tomorrow! (4j News)	198
mustang sally	Mustang Sally - Wilson Pickett (Album Version)	185
arsenal vs west brom	Arsenal vs West Bromwich 2-0 Full Highlights English Commentary	144
pitbull international love	Pitbull - International Love (Live On Letterman)	149
paint it black	Steve Rogers || paint it black	86
the voice kids blind auditions	"The Voice Kids Philippines 2016 Blind Auditions: Sharon, Bamboo, Lea sing ""Better World"""	96
prison break	Official Trailer | PRISON BREAK	126
taladro risale	TALADRO Rƒ∞SALE 2 CANLI PERFORMANS (KONSER)	121
cat in the hat	Cat In The Hat Trailer	149
dog fails	Dogs Who Fail At Being Dogs	142
troye sivan blue	Troye Sivan - Blue (feat. Alex Hope)	168
nike commercial	Nike Commercial ¬§ Rooney ¬§ Tevez ¬§ Ibra ¬§ Ronaldo ¬§ Ronaldinho & Other Stars	188
work rihanna remix	Dj Taj ~ Work (Remix) feat. BasedPrince & Dj Flex	156
sia chandelier karaoke	Chandelier (Lower Key Bb - Piano Karaoke Demo) Sia	142
faze adapt	FAZE ADAPT THE TYPE OF...	188
360 video horror	GetOut 360 Horror	170
terraria 1.3	Terraria 1.3.2 Update News | New Event? | Terraria 1.3.1.1 Hotfix!	116
dragon ball super	SSJ3 Gotenks Vs Copy-Vegeta Dragon Ball Super Episode 45 English Sub	181
ferrari f12 berlinetta	Ferrari F12 Berlinetta vs 700 HP BMW M4	93
taladro daddy y yankee	Daddy Yankee - Machucando LETRA	179
pretty little liars interview	Pretty Little Liars Season 6 Finale Twin Twist - Ashley Benson Interview	104
photoshop cc 2015	Adobe Photoshop CC 2015 November Release ‚Äì New Features and Enhancements	179
frozen 2	Frozen 2 Officially Announced	101
arcangel pa que la pases bien	Me Dancing To Arcangel Pa Que La Pases Bien	79
barcelona vs valencia	Barcelona vs Valencia 1-1 All Goals 10-2-2016 HD	121
drake hotline bling lyrics	Drake Hotline bling	191
bmw x6	How to steal an expensive BMW X6 with a safety lock!	177
hola soy german charlie charlie	CHARLIE ME QUIERE MATAR! | Charlie Charlie Challenge | Hola Soy German	141
marrakech du rire 2015 complet	Ma√Ætre Gims cl√¥ture le Marrakech du Rire en beaut√©	113
cristiano araujo e com ela que eu estou	Mariana & Mateus - √â com ela que eu estou - Cristiano Ara√∫jo (COVER)	196
soda stereo unplugged	Pasos (Plugged)	184
rihanna stay	Rihanna - Stay (Richard) | The Voice Kids 2014 | Blind Audition | SAT.1	132
lele pons interview	Lele Pons interview at the Social Slam Selfie Awards	183
motivation video	ITS UP TO YOU - Motivational Video	179
sia chandelier	Girl sings Sia's - Chandelier on X Factor audition (Georgia)	135
flashlight lyrics cover	Flashlight - Bethany Mota - Pitch Perfect 2 / Jessie J Cover [Full HD] lyrics	193
trailers 2016 movies	Sing Official Trailer #1 (2016) - Scarlett Johansson, Matthew McConaughey Movie HD	181
doctor who	New Doctor Who Companion REVEALED - Introducing Pearl Mackie	124
big bang theory season 9	The Big Bang Theory - Congratulations, Sheldon [2/2] (season 9/subtitulado)	173
babymetal	Cute/Terrifying Music Sensation Babymetal Talks Overlords and Ariana Grande	194
rio roma te quiero mucho mucho	Como tocar R√≠o Roma - Te Quiero Mucho Mucho. Guitarra	169
happy birthday to you	Happy Birthday To You! (Traditional)	106
history of rap 1 jimmy fallon justin timberlake	"""Evolution of Hip-Hop Dancing"" (w/ Jimmy Fallon & Will Smith)"	176
love sosa	Kevin Gates - Love Sosa Freestyle (Official Video)	174
bugatti remix	Ace Hood - Bugatti (Remix) Feat. Wiz Khalifa, T.I., Meek Mill, French Montana, 2 Chainz, Future	196
chandelier lyrics	Charlie Puth Chandelier (sia) Cover (Lyrics)	162
gummy bear song in spanish	The Gummy Bear Song - Long Spanish Version - Gummib√§r	161
3d video	3D Video extreme!!! (evo 3D Works)	130
flashlight lyrics bethany mota	Flashlight - Bethany Mota - Pitch Perfect 2 / Jessie J Cover [Full HD] lyrics	193
baby kaely	BABY KAELY RAPPING LIVE INSTAGRAM VIDEO (11 yr old kid rapper)	68
jennifer lopez carpool karaoke	Jennifer Lopez Sexts Leonardo DiCaprio Carpool Karaoke	156
style lyrics	Blank Space+ Style Lyrics	168
dinosaur stomp	Dinosaur Stomp - Mother Goose Club Songs for Children	169
boom boom pow	Boom Boom Pow Dance by Black Queen Î∏îÎûôÌÄ∏	102
history of rap	"""Evolution of Hip-Hop Dancing"" (w/ Jimmy Fallon & Will Smith)"	176
android n	Android N: Let the names begin.	120
blackberry molasses	Mista - Blackberry Molasses (Blair Perkins) | @BlairPerkins	160
puppy videos	Funniest Puppy Fights and Funny Fails - Top 10 Funny Little Dog Videos - Puppy Vines 2015	194
geometry dash deadlocked	"Geometry Dash - ""Deadlocked"" 100% Complete [All Coins] - GuitarHeroStyles"	126
cartel de santa la pelotona	-cartel de santa - la pelotona (retail)	187
el taxi english version	GRAMMY 2016 - EL TAXI - PITBULL FEAT. OSMANI GARCIA - SOFIA VERGARA TWERKS... REGGAETON 2016	103
emmanuel hudson asking all them questions	Asking all them questions cover by Emmanuel Hudson	112
kissing pranks in elevator	Kissing in an Elevator Prank	153
sony vegas	TOP 10 Intro Template #3 Sony Vegas Pro + Free Download (–ü–ï–†–ï–ó–ê–õ–ò–í)	168
game of thrones season 6 episode 3	Game of Thrones Season 6 Episode 3: Ned kills Arthur Dayne (Tower of Joy PART 2) S06E03	145
larva song	"[Official] World Cup Song ""T√° bom"" - Special Videos by LARVA"	196
sia alive	Sia - Alive (Behind the Scenes)	186
rhymes and reasons john denver	john denver - rhymes and reasons	192
crtani za bebe	VESELA FARMA - crtani za djecu i bebe	126
terraria music	Terraria-Wall of Flesh Remix	182
face down	Face Down With Lyrics	193
trailers 2017 movies official	BEAUTY AND THE BEAST Official Trailer (2017) Emma Watson, Dan Stevens Movie	126
stevie wonder as	Stevie Wonder - My Cherie Amour (Karaoke)	195
trap city playlist	ChildsPlay - King Kong ft.  Kalibwoy	153
musica electronica	Los Minions - M√∫sica Electr√≥nica [ORIGINAL REMIX]	161
fallout 4 far harbor trailer	Fallout 4 - Far Harbor Official Trailer	79
kiraz mevsimi 37	"Kiraz Mevsimi 37.B√∂l√ºm-""Nereye √ßƒ±kƒ±yƒ±m √ñyk√º?"""	131
marrakech du rire 2014	Jeff Panacloc au Marakech du rire 2014 clash JAMEL	191
sugar robin schulz	ROBIN SCHULZ - SUGAR (feat. Francesco Yates) PARODIE	172
flight of the bumblebee piano	Alberto Lodoletti plays the Flight of the Bumble-Bee by Rimsky-Korsakov piano version by Rachmaninov	78
filme 2015 traduse in romana	Top 10 cele mai bune filme de comedie	121
zumba for kids	Zumba Kids cu Andrei - Gummy Bear	196
exo history	ÏùåÏïÖÏ§ëÏã¨ - EXO-K - History, ÏóëÏÜåÏºÄÏù¥ - ÌûàÏä§ÌÜ†Î¶¨, Music Core 20120414	69
royal rumble 2016	Jeff Hardy Returns in Royal Rumble 2016	89
trap city dum dee dum	Keys N Krates - Dum Dee Dum (JiKay Remix)	183
beyonce formation	"Beyonc√© - ""Formation"" Full Performance | Super Bowl 2016"	139
high school musical 3	I Just Wanna Be with You (Final Performance) - High School Musical 3-Senior Year	184
roma torino	Roma-Torino 3-2, radiosintesi | ROMA RADIO	144
trap queen fetty wap lyrics	TRAP QUEEN - Fetty Wap Dance | @MattSteffanina Choreography ft 9 y/o Asia Monet! #DanceOnTrap	108
amy winehouse back to black	See the Moment Amy Winehouse Recorded 'Back to Black' With Mark Ronson	180
ellen never have i ever	J.Lo and Ellen Play Never Have I Ever	164
audi a7	Audi A7 review - CarBuyer	170
big bang loser	(Weeklyidol EP.253) AKMU maked 'BIG BANG-LOSER' cover song	61
lapang dada acoustic	lapang dada dea	129
kissing prank gone crazy	Kissing Prank! (GONE WILD) Yoga Pants Edition!	171
iphone 5s	iPhone 5S Official Video	182
fitness motivation	Female Fitness Motivation - YES I SQUAT (2016)	189
nba 2k17	NBA 2K17 - Legends Live On	70
bodybuilding motivation	Bodybuilding motivation - INSPIRE	193
hairstyles for girls	New hairstyles for girl	176
nike basketball	The Conductor	103
skyrim theme song	"Skyrim MAIN THEME! - ""Dragonborn"" - Tay Zonday - On iTunes!"	159
borro cassette maluma ft nicky jam	Maluma - Borro Cassette (Premios Juventud 2015)[Courtesy of Univision]	192
minecraft dantdm	Minecraft | FACEPLANT SIMULATOR!! | DanTDM Animated	111
motivation workout	Workout Motivation 2016	199
jesus walks kanye west	Kanye West - Jesus Walks ft. John Legend on Dave Chappelle's Block Party	195
hair tutorial	Messy Waves Hair Tutorial	191
high heels	HIGH HEELS TE NACHCHE Video Song | KI & KA | Meet Bros ft. Jaz Dhami | Yo Yo Honey Singh | T-Series	177
the voice kids arabic	ÿ≤ŸäŸÜ ÿπÿ®ŸäÿØ ‚Äì ÿ¥Ÿà ÿ®Ÿäÿ¥ÿ®ŸáŸÉ ÿ™ÿ¥ÿ±ŸäŸÜ - ŸÖÿ±ÿ≠ŸÑÿ© ÿßŸÑÿµŸàÿ™ Ÿàÿ®ÿ≥ ‚Äì MBCTheVoiceKids	114
the weeknd might not	The Weeknd - Might Not	162
soda fetty wap	Fetty Wap-'679' Ft.Remy Boys OnScreen Lyrics	195
sam hunt house party	Sam Hunt - House Party	189
nerf battle	Nerf Blasters Battle | GunVsGun	193
school morning routine	My Morning Routine for School 2016	199
summer mckeen	Summer Mckeen talks about her Boyfriend | LACE Magazine	163
dj snake middle	DJ Snake - Middle (Mija Remix)	183
flashlight lyrics video	Flashlight - Bethany Mota - Pitch Perfect 2 / Jessie J Cover [Full HD] lyrics	193
party favors tinashe	Tinashe - Party Favors - ADDITIONAL GROUPS @_TriciaMiranda Choreography | Filmed by @TimMilgram	173
bebe rexha live	"Bebe Rexha ""No Broken Hearts"" Live @ SiriusXM // Hits 1"	168
1080p test	Graphic test 1080p	90
donald trump china	"Donald Trump Says ""China"""	180
nike sb	Nike SB | How To Frontside Tailslide | Hjalte Halberg x Nick Boserio	133
ariana grande dangerous woman lyrics	Dangerous Woman - Ariana Grande | Traducida| Sub Espa√±ol + Lyrics	191
fire and desire drake	"Drake ""Fire & Desire"" (Audio)(2016) [Prod by 40] (Views From The 6 Album) [Drake-Views Album]"	195
reality lost frequencies radio edit	Lost Frequencies feat. Janieck Devy - Reality (Radio Edit)	190
iphone 6 case	The Best iPhone 6 Cases	182
john cena theme	John Cena Theme Song New Titantron 2012 (Green Version)	177
tiger shroff	SAB TERA Video Song | BAAGHI | Tiger Shroff, Shraddha Kapoor | Armaan Malik | Amaal Mallik |T-Series	146
arcangel flow violento	Arcangel   Flow Violento (Con Letra) La Formula 2012	187
watchmojo superhero origins	Superhero Origins: Deadpool	164
football highlights	France vs Cameroon 3-2 All Goals & Highlights International Friendly Match 30/05/2016	194
shia labeouf illuminati	Shia LaBeouf is Illuminati	121
focus lyrics	Ariana Grande - Focus [Lyrics Video]	153
vanoss face reveal	Vanoss And The Crew Face Reveal [Updated] | TrickyTV	156
porta dos fundos dilma	PALAVRAS	130
boom boom	Young Zerka - Boom Boom (Official Video HD)	198
town of salem rap	TOWN OF SALEM | Original Rap	147
wwe 2016	Roman Reigns wants Seth Rollins to prove he's not a coward: Raw, May 30, 2016	172
reality tv	Reality Vs. Reality TV	162
peppa pig	Peppa Pig - Balloons (clip)	84
abc jackson 5	ABC-Jackson 5 LYRICS	180
infinity war trailer	Marvel's Avengers: Infinity War Extended Trailer Best Version Available	122
chris brown liquor	Chris Brown Liquor Alexander Chung Choreography	189
turbo kid	TURBO KID - Official Release Trailer [HD]	118
dope soundtrack	"Dope (OST) Awreeoh - ""Can't Bring Me Down"""	175
sia chandelier cover	Sia - Chandelier (Charlie Puth Cover)	153
animal jam vines	Animal Jam VINES #6	181
naruto vs sasuke	Naruto [AMV] - Stay This Way [Naruto vs Sasuke]	160
doctor who theme	Doctor Who Theme Tune 2005-2007 By Murray Gold	157
taylor swift shake it off	Shake It Off - Taylor Swift	87
runaway del shannon	Del Shannon - Runaway	140
nike kobe	Nike Athletes Salute Kobe Bryant	97
lapang dada karaoke	Romaria-Malu Sama Kucing (Karaoke Video Lyrics) No Vocal And Chord	179
pony remix	William Singe - Pony	120
ellen damn daniel	Damn Daniel Got A Lifetime Supply of Vans on Ellen	116
dinosaur prank	Jurassic Carpark	192
love yourself remix	Futuristic & Devvon Terrell - Love Yourself (Remix)	199
hotline bling instrumental	Wildfellaz & Arman Cekin - Hotline Bling (Instrumental)	170
flashlight hailee	Hailee Steinfeld - Flashlight	146
trump foreign policy	Clinton vs. Trump‚Äôs foreign policies	181
donald trump roast	Donald Trump Roast Best Bits | The Roast Of Donald Trump	156
boom boom boom boom empire	Lucious/Freda - Boom Boom Boom fanmade | empire 02x07	115
abs blogilates	3 Moves For Your Best Abs Ever With Blogilates	116
college move in day	If College Freshmen Were Honest On Move-In Day	95
trap nation trap queen	Flo Rida - GDFR (K Theory Remix)	188
crossfit girls	Suzanne Svanevik Crossfit Girl - Workout	113
porta dos fundos reuniao de emergencia	REUNI√ÉO DE EMERG√äNCIA	163
minecraft school monster	Monster School: Killing The Shark - Minecraft Animation Jaws Movie	125
shower routine	Get Ready With Me! |¬†SHOWER ROUTINE!!	181
childish gambino telegraph ave	Childish Gambino - Telegraph Ave / Sober (Cover) by Daniela Andrade	169
hair cut	Miranda Kerr Gets Her Shortest Haircut Ever	118
360 video	Drum Implosion (360 Video) | MythBusters	142
nexus theme song	Ultraman Nexus Theme Song	199
3d movies	Water World - 3D Side by Side (SBS)	198
amy winehouse love is a losing game	Amy Winehouse - Love Is A Losing Game	168
arsenal vs watford	Arsenal vs Watford 4-0 | 2016 (HD)	185
bodybuilding workout	Bodybuilding Motivation - BICEPS & TRICEPS WORKOUT (Part 1)	128
the weeknd low life	Future - Behind the Scenes of Low Life ft. The Weeknd	181
weekend mac miller	Mac Miller- Weekend (Live in Atlanta at The Tabernacle)	180
doctor strange trailer	Doctor Strange - Trailer World Premiere	189
hola como estas she said konichiwa dance	[Kent Jones] Don't Mind Challenge Compilation #dontmindchallenge #kentjones #holacomoestas	193
lamborghini huracan	Lamborghini Hurac√°n LP 610-4 - Official Video	197
train 50 ways to say goodbye	"Train - Making of ""50 Ways To Say Goodbye"""	113
anaconda snake	Lion VS Giant Anaconda Snake - Real Fight	156
navidad sin ti karaoke	OTRA NAVIDAD SIN TI KARAOKE LIBERACION	177
bts dance girl group	140430 Bangtan Boys (BTS) - Girl Group Dances [Weekly Idol]	171
navidad navidad hoy es navidad	Navidad Navidad Hoy es Navidad	126
samsung gear s2	Samsung Gear S2: Turn the bezel	132
one piece	Fujitora Lifts The Entirety of Dressrosa - One Piece 743 ENG SUB	185
toys in the attic	Toys in the Attic Official Trailer #1 (2012) - Czech Stop Motion Movie	150
ronaldo free kick	Cristiano Ronaldo Practices Free-Kicks in His Garden with His Son	77
porsche 911 turbo	2017 Porsche 911 Turbo and Turbo S: First Look  - XCAR	118
windows 10 start menu not working	Windows 10 - How to fix Critical Error, Start Menu/Cortana not Working	120
mafia music	Italian Mafia - Sicilian Heart	139
ncs fade	Alan Walker - Fade (Launchpad)	81
schoolhouse rock	I'm Just a Bill (Schoolhouse Rock!)	181
galinha pintadinha borboletinha	Borboletinha - DVD Galinha Pintadinha 2 - Desenho Infantil	112
fx 4 walls	20150212 MAMA  fx   4 Walls  151202 EP 3	195
interview with a vampire	Interview With the Vampire Movie Trailer (1994)	152
hair style	Knotted Loop Waterfall Braid Hairstyle | Hair Tutorial	199
game of thrones season 6 episode 1	Game of Thrones Season 6: Episode #1 ‚Äì A Widow‚Äôs Future (HBO)	145
chase utley slide	NYM@LAD Gm2: Dodgers tie game after hard Utley slide	65
olur olur bal gibi olur filmi full izle	Olur Olur - Fragman	116
puppy training	Cooper knows Sit, Stay, and Come! (Golden Retriever Puppy Training)	149
focus parody	Ariana Grande Focus PARODY! Key of Awesome UNPLUGGED!	151
marihuana cocaina	Narcos encontraron nueva manera para traficar la coca√≠na y la marihuana -- Noticiero Univisi√≥n	157
sonic the hedgehog	Sonic the Hedgehog: The Descent	134
rio roma contigo	CONTIGO - RIO ROMA	143
lil dicky bruh	"Lil Dicky - ""Bruh"" (Live in Providence)"	124
interview questions and answers	Tell Me About Yourself - Good Answer To This Tough Interview Question	187
adele carpool karaoke	"Adele Raps Nicki Minaj ""Monster"" Verse ‚óè Adele Carpool Karaoke ‚óè 2016 ‚óè HD"	77
borro cassette maluma karaoke	Maluma cant√≥ borro cassette	55
town hall 7 war base	Clash of Clans Town Hall 7 Defense (CoC TH7) BEST War Base Layout Defense Strategy	175
trap city love sosa	[Trap] Chief Keef - Love Sosa (GameFace Remix)	154
exo love me right	EXO / „ÄåLove Me Right ÔΩûromantic universeÔΩû„ÄçMV short ver.	148
mortal kombat x leatherface	Mortal Kombat X: Leatherface Fatality, X-Ray and Brutalities Shown	77
guitar hero live	Guitar Hero Live - Reveal Trailer	195
sia alive audio	Dance Moms - Alive - Audio Swap	122
troye sivan youth	Troye Sivan - YOUTH	198
drake hotline bling clean	DRAKE HOTLINE BLING BEST PARODY COMPILATION	104
truck yeah	Truck Yeah(Goat Edition)	113
angry birds go	Angry Birds Go! Cinematic Trailer	119
sia alive the voice	Chloe Castro performs ‚ÄòAlive‚Äô: Knockout Performance - The Voice UK 2016	119
german rap	CRO: EASY (OFFICIAL VERSION)	195
love the way you lie	"4th Impact performs ""Love The Way You Lie"" on Wish 107.5 TV"	187
naruto shippuden episode 420	Naruto Shippuden Episode 420 Delayed !!!!	186
lego star wars	LEGO¬Æ Star Wars: The Force Awakens Gameplay Reveal Trailer #2	123
5s online offline	Ch·ªù Ng∆∞·ªùi N∆°i ·∫§y - Guitar Cover - 5S Online [ Off fan 5S Online 20.06 ]	181
pizza song	I AM A PIZZA - NEW ORIGINAL PICTURES - WITHOUT FRENCH	108
morning routine for school 5th grade	My Morning Routine For The First Day Of 5th Grade!!‚ô•Ô∏è	143
ice cream and cake song	Ice Cream and Cake	79
trailers 2017	Monster Trucks Official Trailer #1 (2017) - Lucas Till, Jane Levy Movie HD	132
sam hunt take your time lyrics	Take your time Sam Hunt   Lyrics	185
gtr nismo	Nissan GTR Nismo - Accelerations on the track!	177
samsung galaxy s7	Samsung Galaxy S7 and S7 edge: Official Introduction	190
jul senora	JUL se√±ora cover Live  Melissa Perricone	171
desert eagle .50	.50 Cal Desert Eagle vs. Watermelons vs. $299 Bulletproof Vest	151
trap remix	Kazoo Kid - Trap Remix	80
gordon ramsay cooking	Chef Ramsay Teaches Amateur Butchers How to Cook A Perfect Steak - Gordon Ramsay	185
pizza rat	PIZZA RAT PRANK!	100
news or something kodak	Kodak Black - News or Something (Lyrics)	196
ferrari f12	Ferrari F12 Berlinetta vs 700 HP BMW M4	93
dessert choreography	DESSERT - Dawin Dance Choreography | Jayden Rodrigues #DessertDance	183
shower becky g	Shower - Becky G (Angelic cover) 10 years old	155
undertaker vs shane mcmahon	Shane McMahon vs. The Undertaker - Hell in a Cell Match: WrestleMania 32 on WWE Network	74
panda choreography	Desiigner- PANDA - Taylor Hatala & Kyndall Harris @AntoineTroupe Choreography | Shot by @TimMilgram	103
inside out 2	Inside Out 2 Parody - Movie Trailer (2016)	146
bernie sanders snl	Larry David Returns To SNL As Bernie Sanders	120
los tres cerditos y el lobo cuento infantil	Los Tres Cerditos y El Lobo - Cuento Infantil - Para ni√±os - #	184
bts live boy in luv	BTS - Boy In Love, Î∞©ÌÉÑÏÜåÎÖÑÎã® - ÏÉÅÎÇ®Ïûê, Music Core 20140222	179
cooking channel	You Suck at Cooking - Channel Trailer	133
chase bryant	Chase Bryant - Little Bit of You	194
trap queen	Trap Queen - Fetty Wap - Piano Cover ft. Josh Levi, KHS	188
lion king	The Lion King - Can You Feel The Love Tonight	175
kevin roldan ft nicky jam - una noche mas	Una Noche Mas Remix -Kevin Roldan Ft Nicky Jam	189
anaconda movie	Anaconda (8/8) Movie CLIP - Swallowed Whole (1997) HD	127
troye sivan for him	„ÄêNIGHTCORE„Äë Troye Sivan - for him.	175
pain killer	"Three Days Grace - ""Painkiller"""	178
john cena 2016	Who designed John Cena‚Äôs new gear?: June 1, 2016	113
emmanuel mudiay highlights	Emmanuel Mudiay 27 Points/1 Game-Winner Full Highlights (3/23/2016)	166
weekend with ramesh season 2	Weekend with Ramesh Season 2 - Episode 29 - April 02, 2016 - Best Scene	144
gtr 2017	2017 Nissan GTR Details & Sound First look	193
maluma y thalia desde esa noche	Sorry Tommy! Esta noche Thal√≠a es de Maluma	151
adana merkez remix	Adana Merkez Patlƒ±yor Herkes ( Cuma Remix )	167
payday 2 mods	modding payday 2	132
habibi azis	Azis,Fiki,Sofi Marinova,Toni Storaro singing  Habibi-Azis	84
skyrim shuffle	Skyrim Shuffle (LBP3)	52
bus song	Wheels On The Bus | Part 8 | Nursery Rhymes | by LittleBabyBum!	135
finn vs kylo ren	[HD] Kylo Ren vs Finn and Rey scene - Star Wars 7	132
doctor strange	Marvel's Doctor Strange Teaser Trailer	123
679 fetty wap lyrics clean	679 Fetty Wap super clean	194
food wishes	Food Wishes Recipes - Spaghetti alla Carbonara Recipe - Pasta Carbonara	190
geometry dash bloodbath	"Geometry Dash - ""BLOODBATH"" (Hardest Demon) [Practice Mode] - GuitarHeroStyles"	120
truck driving	The best of truck drivers	144
prison break season 1	Prison Break - Season 1 Trailer	91
college football pump up 2015-16	"College Football Pump-Up 2015-16 |""Warriors""| (HD)"	170
obama mic drop	OBAMA MIC DROP: 1999	157
gopro hero 4	GoPro: Hero4 Session Suit Integration - MotoGP	90
audi a6	The New Audi A6 Matrix - Video Press Release	160
el lobo feroz cancion infantil	Juguemos en el bosque	174
little pony toys	Surprise Eggs - Play Doh Gift Peppa Pig Espa√±ol Little Pony Disney Toys	132
makeup tutorial 2016	Everyday makeup tutorial! 2016	149
marihuana documental 2014	Bob Marley - Su opini√≥n sobre la marihuana (Subtitulado en Espa√±ol)	92
larva 2016	[Official] Save the Penguin Campaign by Descente Korea - Special Video by LARVA	80
stevie wonder i wish	Stevie Wonder - I wish	140
style blank space mashup	Blank Space/Style (Taylor Swift Mash-Up) | Louisa Wendorff	179
undertaker vs kane	WWE Smackdown 22/10/2010 The Undertaker takes Kane to Hell (HD)	83
sherlock holmes fight scene	Sherlock Holmes Meat or Potatoes Fight Scene HD	190
pablo alboran perdoname	"Pablo Albor√°n ""Perd√≥name"" - Festival Vi√±a del Mar 2016 HD"	161
barcelona vs sporting gijon 2016	Barcelona Vs Sporting Gijon 6-0 RESUMEN GOLES 23/04/2016	149
wwe raw	WWE RAW 5/30/16 The Club attacks John Cena	115
cooking with dog	Homemade Fresh Cheese Recipe | Cooking with Dog	180
cancer story	Cheyenne's Childhood Cancer Story	189
one punch man opening	One Punch Man - Official Opening - The Hero!! Set Fire to the Furious Fist	90
birds of prey	Birds of Prey	173
vegan recipes	2 Delicious Vegan Dinner Recipes	134
mortal kombat x alien	Mortal Kombat X Alien Gameplay Trailer Fatality LeatherFace Triborg Kombat Pack 2	181
map remix	"Dora the Explorer: ""I'm the Map"" Trap/Club Remix!!!! [Prod. by Cornbeefsoup]"	147
htc vive review	HTC Vive - Review	180
pain three days grace	Three Days Grace - Pain [Lyrics] [HQ]	197
sam hunt come over	Chris Young - I'm Comin' Over	198
el taxi dance	EL TAXI - Pitbull ft Osmani Garcia JUST DANCE 2016 fanmade	199
christmas songs for children	Jingle Bells | Super Simple Songs	190
sam hunt speakers	Sam Hunt - Speakers	192
beyonce lemonade song	LEMONADE Trailer | HBO	65
cristiano araujo efeitos	Voc√™ Vai Ficar Em Mim - Cristiano Ara√∫jo - Of√≠cial 2011	188
gramatik stairway to heaven	Heaven Is a Bitch - Nas vs. Led Zepplin vs. Gramatik (Vico Ono)	179
map complete	Pity Party PMV MAP complete	190
chandelier the voice	"The Voice 2015 Blind Audition - Jordan Smith: ‚ÄúChandelier"""	170
nae nae we are toonz	How To Do The #NaeNae? We Are Toonz Instructional	90
taxi pitbull ft sensato lyrics	Taxi - Pitbull Ft Sensato (Letra) | SheetBrakerMusic	194
car accident attorney helios legal	Real Ghost Crossing Road   Caught in Camera k4333	98
exo growl	[Produce 101] Having the Girl Crush! ‚Äì EXO ‚ô¨Growl @Position Eval.(DANCE) EP.07 20160304	192
drift king azir	Drift King Azir Montage #12 | Jungle Azir	125
pitbull messin around	Pro Dance to Pitbull	149
wwe royal rumble 2016	NXT Women‚Äôs Championship No. 1 Contender‚Äôs Battle Royal: WWE NXT, Jan. 13, 2016	165
yeu lai tu dau	[Cover] Y√™u L·∫°i T·ª´ ƒê·∫ßu - SHINee, TEEN TOP, GOT7	176
chocolate salty balls	The Chase game show   Chocolate Salty Balls question	70
ncs playlist	Tobu - Life [NCS Release]	183
lost frequencies feat. janieck devy - reality	Lost Frequencies feat. Janieck Devy - Reality (Official Music Video)	169
train injury lawsuit helios legal	Railroad / Train Injuries (FELA) Lawsuit - (888) 533-5877 - Helios Legal Group - Lawyer & Attorney	90
mario and luigi paper jam	Mario & Luigi: Paper Jam ‚Äì Kids at Play (Ep. 1)	171
gopro 4k	GoPro Awards: Italy from Above in 4K	180
pony challenge	@MartinQMartin Pony Challenge	63
test video	Panasonic Lumix 4K Video Test	187
lapang dada sheila on 7 lirik	Sheila on 7 - Lapang Dada  (Ideaz Cover)	183
crossfit behind the scenes 2015	2015 CrossFit Games get Tactical with Hero WOD Murph	121
crtani za decu	VESELA FARMA - crtani za djecu i bebe	126
emmanuel hudson	Emmanuel and Phillip Hudson - Coach of the Year	165
banana bus	ORIGINAL - THE BANANA BUS SONG (ft I AM WILDCAT, VanossGaming, and H2O Delirious)	94
call of duty infinite warfare	Road to E3 2016: Call of Duty: Infinite Warfare	114
larva cartoon	Larva Cartoon - new upload	120
erb philosophers	Eastern Philosophers vs Western Philosophers. Behind the Scenes with Zach	75
german music	Cologne 2.0? 26 women complain sexual assault at German music festival	175
birds coldplay	How to play Birds by Coldplay on piano - Birds Piano Tutorial	147
titan tyra	Casual Denim College Lookbook ft. The Ripping Chief | Titan Tyra	175
panda clean	Desiigner- PANDA - Taylor Hatala & Kyndall Harris @AntoineTroupe Choreography | Shot by @TimMilgram	103
school of life	The Pleasure of Keeping Clothes On	148
florida my house	Flo Rida - My House [Official Video]	196
play doh frozen	TIME TO WORKOUT * Exercise Elsa Frozen Movie Clips * Play Doh Stop Motion Animation	97
troye sivan happy little pill	Troye Sivan - Happy Little Pill (Lyrics)	198
tattoo session kevin gates	Kevin Gates on Face Tattoos: They All Come From Pain	146
po vs kai	Kungfu Panda 3 - Po Vs Kai Final Battle	126
toys for girls	Cooking Kitchen Toys for Girls * Toy	163
cartel de santa leve	Cartel De Santa - LEVE - Nueva Rola 2016	198
mama my chemical romance	My Chemical Romance - Blood [Official Video]	84
hola como estas she said konichiwa lyrics	[Kent Jones] Don't Mind Challenge Compilation #dontmindchallenge #kentjones #holacomoestas	179
drake hotline bling vine	Top 7 Vines of Drake Hotline Bling Funny	53
boom clap charli xcx	The Fault In Our Stars - Charli XCX - Boom Clap	177
hairstyles for men	12 New Sexiest Hairstyles For Men 2016	135
romeo santos hilito	Romeo Santos - Hilito - Vendimia 2015	128
candy cameo	The Best Man Electric Slide Scene( Candy- Cameo) Dance	154
one direction night changes	One Direction - Night Changes (Behind The Scenes Part 1)	67
rombai curiosidad	Rombai - Curiosidad (Video Oficial)	168
face to face	Samoa Joe and Finn B√°lor come face to face before TakeOver: The End...: WWE NXT, June 1, 2016	178
mustang crash compilation	HD - Mustang Week crash compilation	104
mafia movies	Top Mafia Movies / Must See	190
dragon ball super episode 38	Dragon Ball Super Episode 38 | REACTION | 5 of 5 | HD | ENGLISH SUB	199
erb reaction	(ERB Reaction Mashup) J. R. R. Tolkien vs George R. R. Martin	188
football jukes	2015's BEST Football Jukes | Broken Ankles, Splits & More | MUST WATCH 2016	154
dinosaur laser fight	Dinosaur Laser Fight  -  NSP	151
bloodborne game grumps	Game Grumps Animated - Um... Bloodborne? - by Gregzilla	85
titan x	GTX 1080 vs GTX TITAN X  - 4K Gaming!	117
sonic for hire	Sonic For Hire - Paperboy	79
cancer my chemical romance	My Chemical Romance - Cancer (With Lyrics)	143
chapo guzman interview	Chapo Guzman Interview Kate del Castillo Sean Penn	161
ariana grande focus instrumental	Ariana Grande - Focus Instrumental Remix - Piano Cover Version - Synthesia	172
cartel de santa doctor marihuana	Cartel de Santa-Dr Marihuana/En vivo/2014	180
rombai reencuentro	Rombai - Reencuentro (Letra)	156
true detective season 2 intro	True Detective Season 2: Opening Credits Episode #1 (HBO)	98
test taking strategies for elementary students	Test-Taking Tips Movie.mp4	184
pitbull hotel room	pitbull - hotel room lyrics	187
vampire diaries 7x17	The Vampire Diaries: 7x17 - Alaric tells Valerie that he's in love with Caroline [HD]	155
miss universe 2013	Miss Universe 2013 Top 5 Announcement	117
candy perreo	EMUS DJ - CANDY PERREO (JAJAJA MIX)	169
car fails	Road Rage Car Crashes and Car Fails Compilation	189
cristiano araujo balada prime	Cristiano Ara√∫jo - Balada Prime (√Åudio Oficial) In√©dita 2015	186
dinosaur movie	"""My Family"" THE GOOD DINOSAUR Movie Clip"	71
geometry dash 2.1 release date	Geometry Dash 2.1 Release date guess	66
fire truck	Kids Truck Video - Fire Engine	165
hola como estas	[Kent Jones] Don't Mind Challenge Compilation #dontmindchallenge #kentjones #holacomoestas	179
lost frequencies reality remix	Lost Frequencies feat. Janieck Devy - Reality (M√ñWE Remix) [Official Lyric Video]	169
lazer major lean on lyrics	Major Lazer & DJ Snake - Lean On (feat. M√ò) (Official Music Video)	179
desert storm	Actual Footage of Desert Storm's First Apache Strikes	192
wwe payback 2016	Enzo Amore receives medical attention at WWE Payback 2016: May 1, 2016	64
gopro studio tutorial	THANK YOU FOR 13,000 SUBS !!!!!! | VILLAGE PARK SOURCE	109
audi s4	2016 Audi S4 Limousine (354hp) - First CHECK (60FPS)	178
squeezie gta 5	SQUEEZIE, CYPRIEN, NORMAN VERSION GTA 5 !	165
rihanna work	Barack Obama Singing Work by Rihanna	78
lacrim awa	Lacrim - A.W.A	163
snake eater theme	Metal Gear Solid 3 Snake Eater Soundtrack: Snake Eater	178
britney spears criminal	Britney Spears - Criminal, Choreography by Artem Leukin	144
guitar lesson purple rain	Purple Rain Prince Tribute EASY Acoustic Guitar Chords TABS Tutorial EricBlackmonMusicHD YouTube	154
rap songs	Bobby Shmurda - Hot N*gga	198
train marry me	Train - Marry Me (Wedding Version)	195
the voice 2015 battle rounds	Claudia Rose Vs Rosa Iamele: Battle Performance - The Voice UK 2015 - BBC One	142
ice cream truck montana of 300	Montana of 300 - Ice Cream Truck [GTA 5 Music Video] [HD ]	127
police siren	Police Siren Mix Sound Effect (Created by me)	64
murder she wrote full episodes	Murder, She Wrote: The Celtic Riddle - Intro	195
kissing you total	Kissing Prank (Kissing  TOTAL Strangers) - Catch Me If You Can (GONE SEXUAL)	108
nae nae reverse	Reverse nae nae	51
galinha pintadinha	Dona Aranha - DVD Galinha Pintadinha 3 - OFICIAL	140
cat fails	Big Cat FAILs	58
rezi is going to have a kid	Reza synger '7 Years' med Lukas Graham | X FACTOR 2016 | DR1	87
bts run japanese version	BTS - RUN Japanese version (sped up)	159
high by the beach	High By The Beach - Lana Del Rey - Cover By Toby Randall	168
rubius tomorrowland	ELRUBIUS bailando en el Tomorrowland 2014	76
flashlight lyrics karaoke	Flashlight (Piano karaoke demo) Jessie J & Pitch Perfect 2	174
flashlight pitch perfect	Flashlight- Pitch perfect 2 | Bellas performing at World Championship	131
eminem phenomenal	"Eminem - Phenomenal (Official ""Southpaw"" Training Scene)"	142
panda remix	Meek Mill - Panda (Remix)	146
sony xperia z5	Sony Xperia Z5 Premium - Bend Test, Scratch Test, Burn Test - Durability	178
nerf zombies	NERF - Zombie Strike Stories: A Clean Getaway (Episode 12)	65
work from home lyrics	Fifth Harmony - Work from Home Lyrics	180
sia unstoppable	Sia - Unstoppable | Acoustic Cover (Lyrics in CC)	194
donald trump debate	Donald Trump is Willing to Debate Bernie Sanders	179
desert eagle	Desert Eagle .50AE shooting	155
luna lanie	Luna Lanie (Yoko Littner) Interview: WonderCon 2015	184
dope man	Vince Staples - Dopeman (Audio) ft. Joey Fatts, Kilo Kish	113
nerf guns	NERF GUN DEATH MOD!!!	169
ncs my heart	Different Heaven & EH!DE - My Heart (Launchpad cover)	125
galinha pitadinha	Dona Aranha - DVD Galinha Pintadinha 3 - OFICIAL	140
the weeknd tell your friends	Drake ft. The Weeknd - Tell Your Friends (Remix) Freestyle	186
civil war spiderman	"CAPTAIN AMERICA Civil War - ""Hey Captain, Big Fan!"" - SPIDER-MAN Tv Spot [New HD Footage]"	75
play doh eggs	Surprise Eggs - Play Doh Gift Peppa Pig Espa√±ol Little Pony Disney Toys	132
bmw 7 series 2016	POV 2016 BMW 7 Series NIGHT DRIVE INTERIOR LIGHTING	155
pony ginuwine lyrics	William Singe - Pony Lyrics	120
borro cassette maluma	Maluma - Borro Cassette (Premios Juventud 2015)[Courtesy of Univision]	192
panda dance	Desiigner- PANDA - Taylor Hatala & Kyndall Harris @AntoineTroupe Choreography | Shot by @TimMilgram	103
tigres del norte corridos	LOS TIGRES DEL NORTE. EL GATO FELIX	199
black and yellow wiz khalifa	Black and Yellow Wiz Khalifa	121
roma bangkok lyrics	Baby K - Roma - Bangkok (Lyric Video) ft. Giusy Ferreri	175
cake by the ocean lyrics	Cake By The Ocean - DNCE Lyrics (Tanner Patrick & Rajiv Dhall Cover)	177
ps4 vr	The PlayRoom VR Gameplay (PS4) 2016	136
fetty wap trap queen	TRAP QUEEN - Fetty Wap Dance | @MattSteffanina Choreography ft 9 y/o Asia Monet! #DanceOnTrap	108
town new song 2016	·ûü·ûì·üí·ûè·û∑·ûü·ûª·ûÅ·ûó·ûº·ûò·û∑ ,  ·ûÅ·üÅ·ûò,Khem,   Town CD Vol 94 , Khmer new year song 2016	129
flashlight lyrics pitch perfect 2 version	Flashlight - Bethany Mota - Pitch Perfect 2 / Jessie J Cover [Full HD] lyrics	193
the voice 2016	"The Voice 2016 Alisan Porter - Finale: ""Somewhere"""	194
christmas songs 2015	Michael Bubl√© - Santa Claus Is Coming To Town [Official Music Video]	106
hot pepper gaming	Papers Please | Hot Pepper Game Review | ft. Matt Watson (SuperMega)	191
kissing my ex girlfriend	KISSING PRANK ‚ô• My Ex-Girlfriend	196
game theory dating sims	Game Lab: TEST Games In Real Life then EXPERIENCE them in VR!	68
civil war tv spot	Captain America CIVIL WAR TV Spot #2 Subtitulado HD	60
navidad con los cooper trailer	Navidad con los Cooper - Trailer Oficial Espa√±ol	149
lost frequencies reality	Lost Frequencies feat. Janieck Devy - Reality (Official Video HD)	170
fx lachata	f(x) - LA chA TA, ÏóêÌîÑÏóëÏä§ - ÎùºÏ∞®ÌÉÄ, Music Core 20090905	191
sword art online opening 2	Sword Art Online Opening 2 - Innocence (AmaLee)	116
raw data	Raw Data - Announcement Trailer	89
gummy bear bubble up	Gummib√§r - Bubble Up - Song and Dance - The Gummy Bear	122
ariana grande let me love you	"Ariana Grande Drops SUPER Sexy ""Let Me Love You"" Video With Lil Wayne"	133
lapang dada sheila on 7 acoustic	Sheila On 7 - Lapang Dada | Unplugged Cover | Indah Fitrialita	197
jennifer lopez on the floor	J LO - on the floor	145
po po	Son Of Sardaar Po Po Full Video Song | Salman Khan, Ajay Devgn & Sanjay Dutt	132
fight music	World's Greatest Battle Music Ever: Stand And Fight	99
banks warm water	Banks - Warm Water (Snakehips Remix)	165
animal farm	Animal Farm trailer	125
dj bravo	"Dwayne ""DJ"" Bravo - Champion (Official Song)"	165
style taylor swift	Blank Space/Style (Taylor Swift Mash-Up) | Louisa Wendorff	179
